CREATE TABLE `gibbonAction` (
    `gibbonActionID` int(7) UNSIGNED ZEROFILL NOT NULL AUTO_INCREMENT,
    `name` varchar(50) COLLATE utf8_unicode_ci NOT NULL COMMENT 'The action name should be unqiue to the module that it is related to',
    `precedence` int(2) DEFAULT NULL,
    `category` varchar(20) COLLATE utf8_unicode_ci NOT NULL,
    `description` varchar(255) COLLATE utf8_unicode_ci NOT NULL,
    `URLList` longtext COLLATE utf8_unicode_ci NOT NULL COMMENT 'Comma seperated list of all URLs that make up this action',
    `entryURL` varchar(255) COLLATE utf8_unicode_ci NOT NULL,
    `entrySidebar` varchar(1) COLLATE utf8_unicode_ci NOT NULL DEFAULT 'Y',
    `menuShow` varchar(1) COLLATE utf8_unicode_ci NOT NULL DEFAULT 'Y',
    `defaultPermissionAdmin` varchar(1) COLLATE utf8_unicode_ci NOT NULL DEFAULT 'N',
    `defaultPermissionTeacher` varchar(1) COLLATE utf8_unicode_ci NOT NULL DEFAULT 'N',
    `defaultPermissionStudent` varchar(1) COLLATE utf8_unicode_ci NOT NULL DEFAULT 'N',
    `defaultPermissionParent` varchar(1) COLLATE utf8_unicode_ci NOT NULL DEFAULT 'N',
    `defaultPermissionSupport` varchar(1) COLLATE utf8_unicode_ci NOT NULL DEFAULT 'N',
    `categoryPermissionStaff` varchar(1) COLLATE utf8_unicode_ci NOT NULL DEFAULT 'Y',
    `categoryPermissionStudent` varchar(1) COLLATE utf8_unicode_ci NOT NULL DEFAULT 'Y',
    `categoryPermissionParent` varchar(1) COLLATE utf8_unicode_ci NOT NULL DEFAULT 'Y',
    `categoryPermissionOther` varchar(1) COLLATE utf8_unicode_ci NOT NULL DEFAULT 'Y',
    `gibbonModuleID` int(4) UNSIGNED ZEROFILL DEFAULT NULL,
    PRIMARY KEY (`gibbonActionID`),
    UNIQUE KEY `moduleActionName` (`name`,`gibbonModuleID`),
    KEY `gibbonModuleID` (`gibbonModuleID`)
    ) ENGINE=InnoDB DEFAULT CHARSET=utf8 COLLATE=utf8_unicode_ci AUTO_INCREMENT = 1;
CREATE TABLE IF NOT EXISTS `gibbonModule` (
    `gibbonModuleID` int(4) UNSIGNED ZEROFILL NOT NULL AUTO_INCREMENT,
    `name` varchar(30) COLLATE utf8_unicode_ci NOT NULL COMMENT 'This name should be globally unique preferably, but certainly locally unique',
    `description` longtext COLLATE utf8_unicode_ci NOT NULL,
    `entryURL` varchar(255) COLLATE utf8_unicode_ci NOT NULL DEFAULT 'index.php',
    `type` varchar(12) COLLATE utf8_unicode_ci NOT NULL DEFAULT 'Core',
    `active` varchar(1) COLLATE utf8_unicode_ci NOT NULL DEFAULT 'Y',
    `category` varchar(10) COLLATE utf8_unicode_ci NOT NULL,
    `version` varchar(8) COLLATE utf8_unicode_ci NOT NULL,
    `author` varchar(40) COLLATE utf8_unicode_ci NOT NULL,
    `url` varchar(255) COLLATE utf8_unicode_ci NOT NULL,
    PRIMARY KEY (`gibbonModuleID`),
    UNIQUE KEY `gibbonModuleName` (`name`)
    ) ENGINE=InnoDB DEFAULT CHARSET=utf8 COLLATE=utf8_unicode_ci AUTO_INCREMENT = 1;
CREATE TABLE IF NOT EXISTS `gibbonRole` (
    `gibbonRoleID` int(3) UNSIGNED ZEROFILL NOT NULL AUTO_INCREMENT,
    `category` varchar(8) COLLATE utf8_unicode_ci NOT NULL DEFAULT 'Staff',
    `name` varchar(20) COLLATE utf8_unicode_ci NOT NULL,
    `nameShort` varchar(4) COLLATE utf8_unicode_ci NOT NULL,
    `description` varchar(60) COLLATE utf8_unicode_ci NOT NULL,
    `type` varchar(4) COLLATE utf8_unicode_ci NOT NULL DEFAULT 'Core',
    `canLoginRole` varchar(1) COLLATE utf8_unicode_ci NOT NULL DEFAULT 'Y',
    `futureYearsLogin` varchar(1) COLLATE utf8_unicode_ci NOT NULL DEFAULT 'Y',
    `pastYearsLogin` varchar(1) COLLATE utf8_unicode_ci NOT NULL DEFAULT 'Y',
    `restriction` varchar(10) COLLATE utf8_unicode_ci NOT NULL DEFAULT 'None',
    PRIMARY KEY (`gibbonRoleID`),
    UNIQUE KEY `name` (`name`),
    UNIQUE KEY `nameShort` (`nameShort`)
    ) ENGINE=InnoDB DEFAULT CHARSET=utf8 COLLATE=utf8_unicode_ci AUTO_INCREMENT = 1;
CREATE TABLE gibbonModuleUpgrade (
    id INT(10) UNSIGNED ZEROFILL AUTO_INCREMENT,
    module INT(4) UNSIGNED ZEROFILL,
    version VARCHAR(14) NOT NULL,
    executed_at DATETIME NOT NULL COMMENT '(DC2Type:datetime_immutable)',
    INDEX IDX_3B5BDC02C242628 (module),
    UNIQUE INDEX module_version (module, version),
    PRIMARY KEY(id)
    ) DEFAULT CHARACTER SET utf8 COLLATE utf8_unicode_ci ENGINE = InnoDB AUTO_INCREMENT = 1;

ALTER TABLE gibbonModuleUpgrade
    ADD CONSTRAINT FK_3B5BDC02C242628 FOREIGN KEY (module) REFERENCES gibbonModule (gibbonModuleID);
ALTER TABLE `gibbonAction`
    ADD CONSTRAINT `FK_88E13B92CB86AD4B` FOREIGN KEY (`gibbonModuleID`) REFERENCES `gibbonModule` (`gibbonModuleID`);

SET FOREIGN_KEY_CHECKS = 0;

INSERT INTO `gibbonAction` (`gibbonActionID`, `name`, `precedence`, `category`, `description`, `URLList`, `entryURL`, `entrySidebar`, `menuShow`, `defaultPermissionAdmin`, `defaultPermissionTeacher`, `defaultPermissionStudent`, `defaultPermissionParent`, `defaultPermissionSupport`, `categoryPermissionStaff`, `categoryPermissionStudent`, `categoryPermissionParent`, `categoryPermissionOther`, `gibbonModuleID`) VALUES
    (0000001, 'Application Form Settings', 0, 'Student Management', 'Allows admins to control the application form', 'applicationFormSettings.php', 'applicationFormSettings.php', 'Y', 'Y', 'Y', 'N', 'N', 'N', 'N', 'Y', 'N', 'N', 'N', 0002),
    (0000002, 'Manage Users_editDelete', 1, 'User Management', 'Edit any user within the system', 'user_manage.php, user_manage_add.php, user_manage_edit.php, user_manage_delete.php, user_manage_password.php', 'user_manage.php', 'Y', 'Y', 'Y', 'N', 'N', 'N', 'N', 'Y', 'N', 'N', 'N', 0002),
    (0000003, 'Manage School Years', 0, 'Years, Days & Times', 'Allows user to control the definition of academic years within the system', 'schoolYear_manage.php,schoolYear_manage_edit.php,schoolYear_manage_delete.php,schoolYear_manage_add.php', 'schoolYear_manage.php', 'Y', 'Y', 'Y', 'N', 'N', 'N', 'N', 'Y', 'N', 'N', 'N', 0001),
    (0000004, 'Student Enrolment', 0, 'Admissions', 'Allows user to control student enrolment in the current year', 'studentEnrolment_manage.php,studentEnrolment_manage_add.php,studentEnrolment_manage_edit.php,studentEnrolment_manage_delete.php', 'studentEnrolment_manage.php', 'Y', 'Y', 'Y', 'N', 'N', 'N', 'N', 'Y', 'N', 'N', 'N', 0005),
    (0000005, 'System Settings', 0, 'Settings', 'Main system settings', 'system_settings', 'system_settings', 'Y', 'Y', 'Y', 'N', 'N', 'N', 'N', 'Y', 'N', 'N', 'N', 0003),
    (0000006, 'Manage Year Groups', 0, 'Groupings', '', 'yearGroup_manage.php,yearGroup_manage_edit.php,yearGroup_manage_add.php,yearGroup_manage_delete.php', 'yearGroup_manage.php', 'Y', 'Y', 'Y', 'N', 'N', 'N', 'N', 'Y', 'N', 'N', 'N', 0001),
    (0000007, 'Manage Roll Groups', 0, 'Groupings', '', 'rollGroup_manage.php,rollGroup_manage_edit.php,rollGroup_manage_add.php,rollGroup_manage_delete.php', 'rollGroup_manage.php', 'Y', 'Y', 'Y', 'N', 'N', 'N', 'N', 'Y', 'N', 'N', 'N', 0001),
    (0000008, 'Manage Houses', 0, 'Groupings', '', 'house_manage.php,house_manage_edit.php,house_manage_add.php,house_manage_delete.php,house_manage_assign.php', 'house_manage.php', 'Y', 'Y', 'Y', 'N', 'N', 'N', 'N', 'Y', 'N', 'N', 'N', 0001),
    (0000009, 'Manage Roles', 0, 'User Management', '', 'role_manage.php,role_manage_add.php,role_manage_edit.php,role_manage_delete.php,role_manage_duplicate.php', 'role_manage.php', 'Y', 'Y', 'Y', 'N', 'N', 'N', 'N', 'Y', 'N', 'N', 'N', 0002),
    (0000010, 'Manage Modules', 0, 'Extend & Update', '', 'module_manage', 'module_manage', 'Y', 'Y', 'Y', 'N', 'N', 'N', 'N', 'Y', 'N', 'N', 'N', 0003),
    (0000011, 'Emergency SMS by Year Group', 0, 'Reports', 'Output all parental first mobile numbers by year group: if there are no details, then show emergency details.', 'report_emergencySMS_byYearGroup.php', 'report_emergencySMS_byYearGroup.php', 'Y', 'Y', 'Y', 'N', 'N', 'N', 'N', 'Y', 'Y', 'Y', 'Y', 0005),
    (0000012, 'Manage Permissions', 0, 'User Management', '', 'permission_manage.php,permission_manage_edit.php', 'permission_manage.php', 'N', 'Y', 'Y', 'N', 'N', 'N', 'N', 'Y', 'N', 'N', 'N', 0002),
    (0000013, 'Manage Days of the Week', 0, 'Years, Days & Times', '', 'daysOfWeek_manage.php', 'daysOfWeek_manage.php', 'Y', 'Y', 'Y', 'N', 'N', 'N', 'N', 'Y', 'N', 'N', 'N', 0001),
    (0000014, 'Update Personal Data_family', 0, 'Request Updates', 'Allows users to update personal information for themselves and their family members', 'data_personal.php', 'data_personal.php', 'Y', 'Y', 'N', 'Y', 'N', 'Y', 'Y', 'Y', 'Y', 'Y', 'Y', 0008),
    (0000015, 'Manage Terms', 0, 'Years, Days & Times', '', 'schoolYearTerm_manage.php,schoolYearTerm_manage_add.php,schoolYearTerm_manage_edit.php,schoolYearTerm_manage_delete.php', 'schoolYearTerm_manage.php', 'Y', 'Y', 'Y', 'N', 'N', 'N', 'N', 'Y', 'N', 'N', 'N', 0001),
    (0000016, 'Manage Special Days', 0, 'Years, Days & Times', '', 'schoolYearSpecialDay_manage.php,schoolYearSpecialDay_manage_add.php,schoolYearSpecialDay_manage_edit.php,schoolYearSpecialDay_manage_delete.php', 'schoolYearSpecialDay_manage.php', 'Y', 'Y', 'Y', 'N', 'N', 'N', 'N', 'Y', 'N', 'N', 'N', 0001),
    (0000017, 'Manage Courses & Classes', 0, 'Courses & Classes', '', 'course_manage.php,course_manage_add.php,course_manage_edit.php,course_manage_delete.php,course_manage_class_add.php,course_manage_class_edit.phpcourse_manage_class_delete.php', 'course_manage.php', 'Y', 'Y', 'Y', 'N', 'N', 'N', 'N', 'Y', 'N', 'N', 'N', 0013),
    (0000018, 'Course Enrolment by Class', 0, 'Courses & Classes', '', 'courseEnrolment_manage.php,courseEnrolment_manage_class_edit.php,courseEnrolment_manage_class_edit_edit.php,courseEnrolment_manage_class_edit_delete.php', 'courseEnrolment_manage.php', 'Y', 'Y', 'Y', 'N', 'N', 'N', 'N', 'Y', 'N', 'N', 'N', 0013),
    (0000019, 'Manage Families', 0, 'User Management', '', 'family_manage.php,family_manage_add.php,family_manage_edit.php,family_manage_delete.php,family_manage_edit_editChild.php,family_manage_edit_deleteChild.php,family_manage_edit_editAdult.php,family_manage_edit_deleteAdult.php', 'family_manage.php', 'Y', 'Y', 'Y', 'N', 'N', 'N', 'N', 'Y', 'N', 'N', 'N', 0002),
    (0000021, 'Manage Medical Forms', 0, 'Medical', 'Manage medical form information for users', 'medicalForm_manage.php,medicalForm_manage_add.php,medicalForm_manage_edit.php,medicalForm_manage_delete.php,medicalForm_manage_condition_add.php,medicalForm_manage_condition_edit.php,medicalForm_manage_condition_delete.php', 'medicalForm_manage.php', 'Y', 'Y', 'Y', 'N', 'N', 'N', 'N', 'Y', 'N', 'N', 'N', 0005),
    (0000022, 'View Departments', 0, 'Departments', 'Allows users to view all department details.', 'list,details,course_details,course_class_details,course_details,edit,course_edit,resource_delete', 'list', 'Y', 'Y', 'Y', 'Y', 'Y', 'Y', 'Y', 'Y', 'Y', 'Y', 'Y', 0004),
    (0000023, 'View Student Profile_brief', 0, 'Profiles', 'View brief profile of any student in the school.', 'student_view.php,student_view_details.php', 'student_view.php', 'Y', 'Y', 'N', 'N', 'Y', 'N', 'N', 'Y', 'Y', 'Y', 'Y', 0005),
    (0000024, 'View Student Profile_full', 3, 'Profiles', 'View full profile of any student in the school.', 'student_view.php,student_view_details.php,student_view_details_notes_add.php,student_view_details_notes_edit.php', 'student_view.php', 'Y', 'Y', 'Y', 'Y', 'N', 'N', 'Y', 'Y', 'N', 'N', 'N', 0005),
    (0000025, 'Manage Facilities', 0, 'Other', 'Allows users to create a list of spaces and rooms in the school', 'space_manage.php, space_manage_add.php, space_manage_edit.php, space_manage_delete.php', 'space_manage.php', 'Y', 'Y', 'Y', 'N', 'N', 'N', 'N', 'Y', 'N', 'N', 'N', 0001),
    (0000026, 'Attendance By Person', 0, 'Take Attendance', 'Take attendance, one person at a time', 'attendance_take_byPerson.php', 'attendance_take_byPerson.php', 'Y', 'Y', 'Y', 'Y', 'N', 'N', 'Y', 'Y', 'N', 'N', 'Y', 0006),
    (0000027, 'Attendance By Roll Group_all', 1, 'Take Attendance', 'Take attendance, one roll group at a time', 'attendance_take_byRollGroup.php', 'attendance_take_byRollGroup.php', 'Y', 'Y', 'Y', 'Y', 'N', 'N', 'Y', 'Y', 'N', 'N', 'Y', 0006),
    (0000028, 'Set Future Absence', 0, 'Future Information', 'Set future absences one student at a time', 'attendance_future_byPerson.php', 'attendance_future_byPerson.php', 'Y', 'Y', 'Y', 'Y', 'N', 'N', 'Y', 'Y', 'N', 'N', 'Y', 0006),
    (0000029, 'Students Not Present', 0, 'Reports', 'Print a report of students who are not present on a given day', 'report_studentsNotPresent_byDate.php,report_studentsNotPresent_byDate_print.php', 'report_studentsNotPresent_byDate.php', 'Y', 'Y', 'Y', 'Y', 'N', 'N', 'Y', 'Y', 'N', 'N', 'Y', 0006),
    (0000030, 'Roll Groups Not Registered', 0, 'Reports', 'Print a report of roll groups who have not been registered on a given day', 'report_rollGroupsNotRegistered_byDate.php,report_rollGroupsNotRegistered_byDate_print.php', 'report_rollGroupsNotRegistered_byDate.php', 'Y', 'Y', 'Y', 'Y', 'N', 'N', 'Y', 'Y', 'N', 'N', 'Y', 0006),
    (0000031, 'Student History_all', 2, 'Reports', 'Print a report of all attendance data in the current school year for a student', 'report_studentHistory.php,report_studentHistory_print.php', 'report_studentHistory.php', 'Y', 'Y', 'Y', 'Y', 'N', 'N', 'Y', 'Y', 'N', 'N', 'Y', 0006),
    (0000032, 'Manage Staff_general', 0, 'Staff Management', 'Edit general information on members of staff.', 'staff_manage.php, staff_manage_add.php, staff_manage_edit.php, staff_manage_delete.php, staff_manage_edit_facility_add.php, staff_manage_edit_facility_delete.php', 'staff_manage.php', 'Y', 'Y', 'Y', 'N', 'N', 'N', 'N', 'Y', 'N', 'N', 'N', 0136),
    (0000033, 'View Markbook_allClassesAllData', 4, 'Markbook', 'View all markbook information for all users', 'markbook_view.php, markbook_view_full.php', 'markbook_view.php', 'N', 'Y', 'Y', 'Y', 'N', 'N', 'Y', 'Y', 'Y', 'Y', 'Y', 0007),
    (0000034, 'Edit Markbook_singleClass', 0, 'Markbook', 'Edit columns and grades for a single class at a time.', 'markbook_edit.php, markbook_edit_add.php, markbook_edit_edit.php, markbook_edit_delete.php,markbook_edit_data.php,markbook_edit_targets.php,markbook_edit_copy.php', 'markbook_edit.php', 'Y', 'Y', 'Y', 'Y', 'N', 'N', 'N', 'Y', 'Y', 'Y', 'Y', 0007),
    (0000035, 'Lesson Planner_viewMyClasses', 1, 'Planning', 'View all planner information for classes user is in', 'planner.php, planner_view_full.php, planner_deadlines.php, planner_view_full_post.php, planner_unitOverview.php', 'planner.php', 'Y', 'Y', 'Y', 'Y', 'Y', 'N', 'N', 'Y', 'Y', 'Y', 'Y', 0009),
    (0000036, 'Lesson Planner_viewAllEditMyClasses', 2, 'Planning', 'View all planner information and edit all planner information for classes user is in', 'planner.php, planner_view_full.php, planner_add.php, planner_edit.php, planner_delete.php, planner_deadlines.php, planner_duplicate.php, planner_view_full_post.php, planner_view_full_submit_edit.php, planner_bump.php, planner_unitOverview.php', 'planner.php', 'Y', 'Y', 'Y', 'Y', 'N', 'N', 'N', 'Y', 'Y', 'Y', 'Y', 0009),
    (0000038, 'Lesson Planner_viewEditAllClasses', 3, 'Planning', 'View and edit all planner information for all classes', 'planner.php, planner_view_full.php, planner_add.php, planner_edit.php, planner_delete.php, planner_deadlines.php, planner_duplicate.php, planner_view_full_post.php, planner_view_full_submit_edit.php, planner_bump.php, planner_unitOverview.php', 'planner.php', 'Y', 'Y', 'Y', 'N', 'N', 'N', 'N', 'Y', 'N', 'N', 'N', 0009),
    (0000039, 'View Markbook_myMarks', 2, 'Markbook', 'View your own marks', 'markbook_view.php', 'markbook_view.php', 'N', 'Y', 'N', 'N', 'Y', 'N', 'N', 'Y', 'Y', 'Y', 'Y', 0007),
    (0000040, 'Lesson Planner_viewMyChildrensClasses', 0, 'Planning', 'Allows parents to view their children\'s classes', 'planner.php, planner_view_full.php, planner_deadlines.php, planner_view_full_post.php, planner_unitOverview.php', 'planner.php', 'Y', 'Y', 'N', 'N', 'N', 'Y', 'N', 'N', 'N', 'Y', 'N', 0009),
    (0000041, 'View Markbook_viewMyChildrensClasses', 1, '', 'Allows parents to view their children\'s classes', 'markbook_view.php', 'markbook_view.php', 'Y', 'Y', 'N', 'N', 'N', 'Y', 'N', 'N', 'N', 'Y', 'N', 0007),
    (0000042, 'View Student Profile_myChildren', 1, 'Profiles', 'Allows parents to view their student\'s information', 'student_view.php, student_view_details.php', 'student_view.php', 'Y', 'Y', 'N', 'N', 'N', 'Y', 'N', 'N', 'N', 'Y', 'N', 0005),
    (0000043, 'Students by Roll Group', 0, 'Reports', 'Print student roll group lists', 'report_students_byRollGroup.php, report_students_byRollGroup_print.php', 'report_students_byRollGroup.php', 'N', 'Y', 'Y', 'N', 'N', 'N', 'N', 'Y', 'Y', 'Y', 'Y', 0005),
    (0000044, 'Students Not Onsite', 0, 'Reports', 'Print a report of students who are not physically on the school campus on a given day', 'report_studentsNotOnsite_byDate.php,report_studentsNotOnsite_byDate_print.php', 'report_studentsNotOnsite_byDate.php', 'Y', 'Y', 'Y', 'Y', 'N', 'N', 'Y', 'Y', 'N', 'N', 'Y', 0006),
    (0000045, 'Individual Needs Records_view', 0, 'Individual Needs', 'Allows user to view IN records for all students', 'in_view.php, in_edit.php', 'in_view.php', 'Y', 'Y', 'Y', 'Y', 'N', 'N', 'N', 'Y', 'N', 'N', 'N', 0011),
    (0000046, 'Individual Needs Records_viewEdit', 2, 'Individual Needs', 'Allows users to edit IN records for all students', 'in_view.php, in_edit.php', 'in_view.php', 'Y', 'Y', 'Y', 'N', 'N', 'N', 'N', 'Y', 'N', 'N', 'N', 0011),
    (0000047, 'Assess', 0, 'Crowd Assessment', 'Allows users to assess each other\'s work', 'crowdAssess.php,crowdAssess_view.php,crowdAssess_view_discuss.php, crowdAssess_view_discuss_post.php', 'crowdAssess.php', 'Y', 'Y', 'Y', 'Y', 'Y', 'Y', 'Y', 'Y', 'Y', 'Y', 'Y', 0012),
    (0000048, 'Manage Timetables', 0, 'Timetable', 'Allow admins to create and manage timetables', 'tt.php, tt_add.php, tt_edit.php, tt_delete.php, tt_import.php, tt_edit_day_add.php, tt_edit_day_edit.php, tt_edit_day_delete.php, tt_edit_day_edit_class.php, tt_edit_day_edit_class_delete.php, tt_edit_day_edit_class_add.php, tt_edit_day_edit_class_edit.php, tt_edit_day_edit_class_exception.php, tt_edit_day_edit_class_exception_add.php, tt_edit_day_edit_class_exception_delete.php', 'tt.php', 'Y', 'Y', 'Y', 'N', 'N', 'N', 'N', 'Y', 'N', 'N', 'N', 0013),
    (0000049, 'Manage Columns', 0, 'Timetable', 'Allow admins to manage timetable columns', 'ttColumn.php, ttColumn_add.php, ttColumn_edit.php, ttColumn_delete.php, ttColumn_edit_row_add.php, ttColumn_edit_row_edit.php, ttColumn_edit_row_delete.php', 'ttColumn.php', 'Y', 'Y', 'Y', 'N', 'N', 'N', 'N', 'Y', 'N', 'N', 'N', 0013),
    (0000050, 'Tie Days To Dates', 0, 'Timetable', 'Allows admins to place timetable days into the school calendar', 'ttDates.php, ttDates_edit.php, ttDates_edit_add.php, ttDates_edit_delete.php', 'ttDates.php', 'Y', 'Y', 'Y', 'N', 'N', 'N', 'N', 'Y', 'N', 'N', 'N', 0013),
    (0000051, 'View Timetable by Person', 2, 'View Timetables', 'Allows users to view timetables', 'tt.php, tt_view.php', 'tt.php', 'Y', 'Y', 'Y', 'Y', 'Y', 'Y', 'Y', 'Y', 'Y', 'Y', 'Y', 0014),
    (0000052, 'View Activities_view', 0, 'Activities', 'Allows users to view activities', 'activities_view.php, activities_view_full.php', 'activities_view.php', 'Y', 'Y', 'Y', 'Y', 'Y', 'Y', 'Y', 'Y', 'Y', 'Y', 'Y', 0015),
    (0000053, 'View Activities_studentRegister', 1, 'Activities', 'Allows students to view activities and register', 'activities_view.php, activities_view_full.php, activities_view_register.php', 'activities_view.php', 'Y', 'Y', 'N', 'N', 'Y', 'N', 'N', 'N', 'Y', 'N', 'N', 0015),
    (0000054, 'Manage Activity Settings', 0, 'Learn', 'Control activity settings', 'activitySettings.php', 'activitySettings.php', 'Y', 'Y', 'Y', 'N', 'N', 'N', 'N', 'Y', 'N', 'N', 'N', 0001),
    (0000055, 'Manage Activities', 0, 'Administration', 'Allows managers to build activity program', 'activities_manage.php, activities_manage_add.php, activities_manage_edit.php, activities_manage_delete.php,activities_manage_enrolment.php,activities_manage_enrolment_add.php,activities_manage_enrolment_edit.php,activities_manage_enrolment_delete.php', 'activities_manage.php', 'Y', 'Y', 'Y', 'N', 'N', 'N', 'N', 'Y', 'N', 'N', 'N', 0015),
    (0000056, 'My Activities', 0, 'Activities', 'Allows a user to view the activities they are involved in', 'activities_my.php, activities_my_full.php', 'activities_my.php', 'Y', 'Y', 'Y', 'Y', 'Y', 'N', 'N', 'Y', 'Y', 'Y', 'Y', 0015),
    (0000057, 'Participants by Activity', 0, 'Reports', 'Print participant lists', 'report_participants.php, report_participants_print.php', 'report_participants.php', 'Y', 'Y', 'Y', 'Y', 'N', 'N', 'Y', 'Y', 'Y', 'Y', 'Y', 0015),
    (0000058, 'Attendance History by Activity', 0, 'Attendance', 'Print attendance lists', 'report_attendance.php, report_attendanceExport.php', 'report_attendance.php', 'Y', 'Y', 'Y', 'Y', 'N', 'N', 'Y', 'Y', 'Y', 'Y', 'Y', 0015),
    (0000059, 'Generate Invoices', 0, 'Administration', 'Print payment list', 'activities_payment.php', 'activities_payment.php', 'Y', 'Y', 'Y', 'Y', 'N', 'N', 'Y', 'Y', 'Y', 'Y', 'Y', 0015),
    (0000060, 'Student History_myChildren', 0, 'Reports', 'Print a report of all attendance data in the current school yearfor my children', 'report_studentHistory.php', 'report_studentHistory.php', 'Y', 'Y', 'N', 'N', 'N', 'Y', 'N', 'N', 'N', 'Y', 'N', 0006),
    (0000061, 'Work Summary by Roll Group', 0, 'Reports', 'Print work summary statistical data by roll group', 'report_workSummary_byRollGroup.php', 'report_workSummary_byRollGroup.php', 'Y', 'Y', 'Y', 'Y', 'N', 'N', 'N', 'Y', 'Y', 'Y', 'Y', 0009),
    (0000062, 'Manage Departments', 0, 'Groupings', 'Allows admins to create learning areas and administrative groups.', 'department_manage.php,department_manage_add.php,department_manage_edit.php,department_manage_delete.php', 'department_manage.php', 'Y', 'Y', 'Y', 'N', 'N', 'N', 'N', 'Y', 'N', 'N', 'N', 0001),
    (0000063, 'Personal Data Updates', 0, 'Manage Updates', 'Allows admins to process data update requests for personal data', 'data_personal_manage.php, data_personal_manage_edit.php, data_personal_manage_delete.php', 'data_personal_manage.php', 'Y', 'Y', 'Y', 'N', 'N', 'N', 'N', 'Y', 'N', 'N', 'N', 0008),
    (0000064, 'Update Medical Form_family', 0, 'Request Updates', 'Allows users to update medical information for themselves and their family members', 'data_medical.php', 'data_medical.php', 'Y', 'Y', 'N', 'N', 'N', 'Y', 'N', 'Y', 'Y', 'Y', 'Y', 0008),
    (0000065, 'Medical Form Updates', 0, 'Manage Updates', 'Allows admins to process data update requests for medical data', 'data_medical_manage.php, data_medical_manage_edit.php, data_medical_manage_delete.php', 'data_medical_manage.php', 'Y', 'Y', 'Y', 'N', 'N', 'N', 'N', 'Y', 'N', 'N', 'N', 0008),
    (0000066, 'Class Enrolment by Roll Group', 0, 'Reports', 'Shows the number of classes students are enroled in, organised by roll group', 'report_classEnrolment_byRollGroup.php', 'report_classEnrolment_byRollGroup.php', 'Y', 'Y', 'Y', 'N', 'N', 'N', 'N', 'Y', 'Y', 'Y', 'Y', 0013),
    (0000067, 'Activity Type by Roll Group', 0, 'Reports', 'Print roll group lists showing count of various activity types', 'report_activityType_rollGroup.php', 'report_activityType_rollGroup.php', 'Y', 'Y', 'Y', 'Y', 'N', 'N', 'Y', 'Y', 'N', 'N', 'N', 0015),
    (0000068, 'External Assessment Data_view', 0, 'External Assessment', 'Allow users to view assessment data for all students', 'externalAssessment.php, externalAssessment_details.php', 'externalAssessment.php', 'Y', 'Y', 'Y', 'Y', 'N', 'N', 'N', 'Y', 'N', 'N', 'N', 0016),
    (0000069, 'External Assessment Data_manage', 1, 'External Assessment', 'Allows users to manage external assessment data', 'externalAssessment.php, externalAssessment_details.php, externalAssessment_manage_details_add.php, externalAssessment_manage_details_edit.php, externalAssessment_manage_details_delete.php', 'externalAssessment.php', 'Y', 'Y', 'Y', 'N', 'N', 'N', 'N', 'Y', 'N', 'N', 'N', 0016),
    (0000070, 'Rollover', 0, 'Student Management', 'Allows admins to kick the school forward one year', 'rollover.php', 'rollover.php', 'Y', 'Y', 'Y', 'N', 'N', 'N', 'N', 'Y', 'N', 'N', 'N', 0002),
    (0000072, 'Student Transport', 0, 'Reports', 'Shows student transport details', 'report_transport_student.php', 'report_transport_student.php', 'Y', 'Y', 'Y', 'Y', 'N', 'N', 'N', 'Y', 'N', 'N', 'N', 0005),
    (0000073, 'Student Data Updater History', 0, 'Reports', 'Allows users to check, for a group of students, how recently they have been updated', 'report_student_dataUpdaterHistory.php', 'report_student_dataUpdaterHistory.php', 'Y', 'Y', 'Y', 'Y', 'N', 'N', 'Y', 'Y', 'N', 'N', 'N', 0008),
    (0000074, 'Application Form', 0, 'Admissions', 'Allows users, with or without an account, to apply for student place.', 'applicationForm.php', 'applicationForm.php', 'Y', 'Y', 'Y', 'Y', 'N', 'Y', 'Y', 'Y', 'Y', 'Y', 'Y', 0005),
    (0000075, 'Medical Data Summary', 0, 'Reports', 'Allows users to show a summary of medical data for a group of students.', 'report_student_medicalSummary.php, report_student_medicalSummary_print.php', 'report_student_medicalSummary.php', 'Y', 'Y', 'Y', 'Y', 'N', 'N', 'Y', 'Y', 'N', 'N', 'N', 0005),
    (0000077, 'Emergency Data Summary', 0, 'Reports', 'Allows users to show a summary of emergency contact data for a group of students.', 'report_student_emergencySummary.php, report_student_emergencySummary_print.php', 'report_student_emergencySummary.php', 'Y', 'Y', 'Y', 'Y', 'N', 'N', 'Y', 'Y', 'N', 'N', 'N', 0005),
    (0000078, 'Manage Applications_editDelete', 1, 'Admissions', 'Allows admins to view and action applications', 'applicationForm_manage.php, applicationForm_manage_edit.php, applicationForm_manage_delete.php, applicationForm_manage_accept.php, applicationForm_manage_reject.php, applicationForm_manage_add.php', 'applicationForm_manage.php', 'Y', 'Y', 'Y', 'N', 'N', 'N', 'N', 'Y', 'N', 'N', 'N', 0005),
    (0000585, 'Update Personal Data_any', 1, 'Request Updates', 'Create personal data update request for any user', 'data_personal.php', 'data_personal.php', 'Y', 'Y', 'Y', 'N', 'N', 'N', 'N', 'Y', 'N', 'N', 'N', 0008),
    (0000586, 'Update Medical Data_any', 1, 'Request Updates', 'Create medical data update request for any user', 'data_medical.php', 'data_medical.php', 'Y', 'Y', 'Y', 'N', 'N', 'N', 'N', 'Y', 'N', 'N', 'N', 0008),
    (0000605, 'Manage Behaviour Settings', 0, 'People', 'Manage settings for the Behaviour module', 'behaviourSettings.php', 'behaviourSettings.php', 'Y', 'Y', 'Y', 'N', 'N', 'N', 'N', 'Y', 'N', 'N', 'N', 0001),
    (0000606, 'Manage Behaviour Records_all', 1, 'Behaviour Records', 'Manage all behaviour records', 'behaviour_manage.php, behaviour_manage_add.php, behaviour_manage_edit.php, behaviour_manage_delete.php', 'behaviour_manage.php', 'Y', 'Y', 'Y', 'N', 'N', 'N', 'N', 'Y', 'N', 'N', 'N', 0119),
    (0000607, 'Manage Behaviour Records_my', 0, 'Behaviour Records', 'Manage behaviour records create by the user', 'behaviour_manage.php, behaviour_manage_add.php, behaviour_manage_edit.php, behaviour_manage_delete.php', 'behaviour_manage.php', 'Y', 'Y', 'N', 'Y', 'N', 'N', 'N', 'Y', 'N', 'N', 'N', 0119),
    (0000608, 'View Behaviour Records_all', 1, 'Behaviour Records', 'View behaviour records by student', 'behaviour_view.php,behaviour_view_details.php', 'behaviour_view.php', 'Y', 'Y', 'Y', 'Y', 'N', 'N', 'N', 'Y', 'N', 'N', 'N', 0119),
    (0000609, 'Emergency SMS by Transport', 0, 'Reports', 'Show SMS emergency details by transport route', 'report_emergencySMS_byTransport.php', 'report_emergencySMS_byTransport.php', 'Y', 'Y', 'Y', 'N', 'N', 'N', 'N', 'Y', 'N', 'N', 'N', 0005),
    (0000610, 'Manage Resource Settings', 0, 'Learn', 'Manage settings for the resources module', 'resourceSettings.php', 'resourceSettings.php', 'Y', 'Y', 'Y', 'N', 'N', 'N', 'N', 'Y', 'N', 'N', 'N', 0001),
    (0000611, 'Manage Resources_all', 1, 'Resources', 'Manage all resources', 'resources_manage.php, resources_manage_add.php, resources_manage_edit.php, resources_manage_delete.php', 'resources_manage.php', 'Y', 'Y', 'Y', 'N', 'N', 'N', 'N', 'Y', 'N', 'N', 'N', 0009),
    (0000612, 'Manage Resources_my', 0, 'Resources', 'Manage resources created by the user', 'resources_manage.php, resources_manage_add.php, resources_manage_edit.php, resources_manage_delete.php', 'resources_manage.php', 'Y', 'Y', 'N', 'Y', 'N', 'N', 'N', 'Y', 'N', 'N', 'N', 0009),
    (0000613, 'View Resources', 0, 'Resources', 'View resources', 'resources_view.php,resources_view_details.php,resources_view_full.php', 'resources_view.php', 'Y', 'Y', 'Y', 'Y', 'N', 'N', 'N', 'Y', 'Y', 'Y', 'Y', 0009),
    (0000614, 'New Message_classes_my', 1, 'Manage Messages', 'Bulk email to any of my classes', 'messenger_post.php', 'messenger_post.php', 'Y', 'Y', 'Y', 'Y', 'N', 'N', 'N', 'Y', 'Y', 'Y', 'N', 0121),
    (0000615, 'New Message_classes_any', 9, 'Manage Messages', 'Bulk email to any class', 'messenger_post.php', 'messenger_post.php', 'Y', 'Y', 'Y', 'N', 'N', 'N', 'N', 'Y', 'Y', 'Y', 'N', 0121),
    (0000616, 'New Message_classes_parents', 5, 'Manage Messages', 'Include parents in messages posted to classes', 'messenger_post.php', 'messenger_post.php', 'Y', 'Y', 'Y', 'N', 'N', 'N', 'N', 'Y', 'Y', 'Y', 'N', 0121),
    (0000617, 'New Message_courses_my', 3, 'Manage Messages', 'Bulk email to any of my courses', 'messenger_post.php', 'messenger_post.php', 'Y', 'Y', 'Y', 'Y', 'N', 'N', 'N', 'Y', 'Y', 'Y', 'N', 0121),
    (0000618, 'New Message_courses_any', 11, 'Manage Messages', 'Bulk email to any courses', 'messenger_post.php', 'messenger_post.php', 'Y', 'Y', 'Y', 'N', 'N', 'N', 'N', 'Y', 'Y', 'Y', 'N', 0121),
    (0000619, 'New Message_courses_parents', 7, 'Manage Messages', 'Include parents in messages posted to courses', 'messenger_post.php', 'messenger_post.php', 'Y', 'Y', 'Y', 'N', 'N', 'N', 'N', 'Y', 'Y', 'Y', 'N', 0121),
    (0000620, 'New Message_rollGroups_my', 2, 'Manage Messages', 'Bulk email to any of my roll groups', 'messenger_post.php', 'messenger_post.php', 'Y', 'Y', 'Y', 'Y', 'N', 'N', 'N', 'Y', 'Y', 'Y', 'N', 0121),
    (0000621, 'New Message_rollGroups_any', 10, 'Manage Messages', 'Bulk email to any roll group', 'messenger_post.php', 'messenger_post.php', 'Y', 'Y', 'Y', 'N', 'N', 'N', 'N', 'Y', 'Y', 'Y', 'N', 0121),
    (0000622, 'New Message_rollGroups_parents', 6, 'Manage Messages', 'Include parents in messages posted to parents', 'messenger_post.php', 'messenger_post.php', 'Y', 'Y', 'Y', 'N', 'N', 'N', 'N', 'Y', 'Y', 'Y', 'N', 0121),
    (0000623, 'New Message_activities_my', 0, 'Manage Messages', 'Bulk email to any of my activities', 'messenger_post.php', 'messenger_post.php', 'Y', 'Y', 'Y', 'Y', 'N', 'N', 'N', 'Y', 'Y', 'Y', 'N', 0121),
    (0000624, 'New Message_activities_any', 8, 'Manage Messages', 'Bulk email to any activity', 'messenger_post.php', 'messenger_post.php', 'Y', 'Y', 'Y', 'N', 'N', 'N', 'N', 'Y', 'Y', 'Y', 'N', 0121),
    (0000625, 'New Message_activities_parents', 4, 'Manage Messages', 'Include parents in messages posted to activities', 'messenger_post.php', 'messenger_post.php', 'Y', 'Y', 'Y', 'N', 'N', 'N', 'N', 'Y', 'Y', 'Y', 'N', 0121),
    (0000626, 'New Message_yearGroups_any', 8, 'Manage Messages', 'Bulk email to any year group', 'messenger_post.php', 'messenger_post.php', 'Y', 'Y', 'Y', 'N', 'N', 'N', 'N', 'Y', 'Y', 'Y', 'N', 0121),
    (0000627, 'New Message_yearGroups_parents', 4, 'Manage Messages', 'Include parents in messages posted to year group', 'messenger_post.php', 'messenger_post.php', 'Y', 'Y', 'Y', 'N', 'N', 'N', 'N', 'Y', 'Y', 'Y', 'N', 0121),
    (0000628, 'New Message_role', 8, 'Manage Messages', 'Bulk email to a particular role', 'messenger_post.php', 'messenger_post.php', 'Y', 'Y', 'Y', 'N', 'N', 'N', 'N', 'Y', 'Y', 'Y', 'N', 0121),
    (0000629, 'Manage Messages_my', 0, 'Manage Messages', 'Edit all messages created by the user', 'messenger_manage.php,messenger_manage_delete.php,messenger_manage_edit.php,messenger_manage_report.php', 'messenger_manage.php', 'N', 'Y', 'Y', 'Y', 'N', 'N', 'N', 'Y', 'Y', 'Y', 'N', 0121),
    (0000630, 'Manage Messages_all', 1, 'Manage Messages', 'Edit all messages', 'messenger_manage.php,messenger_manage_delete.php,messenger_manage_edit.php,messenger_manage_report.php', 'messenger_manage.php', 'N', 'Y', 'Y', 'N', 'N', 'N', 'N', 'Y', 'N', 'Y', 'N', 0121),
    (0000632, 'New Message_fromSchool', 0, 'Manage Messages', 'Bulk email from the school\'s email address', 'messenger_post.php', 'messenger_post.php', 'Y', 'Y', 'Y', 'N', 'N', 'N', 'N', 'Y', 'Y', 'Y', 'N', 0121),
    (0000655, 'View Timetable by Facility', 0, 'View Timetables', 'View space usage according to the timetable', 'tt_space.php,tt_space_view.php', 'tt_space.php', 'Y', 'Y', 'Y', 'Y', 'N', 'N', 'N', 'Y', 'N', 'N', 'N', 0014),
    (0000656, 'Course Enrolment by Person', 0, 'Courses & Classes', 'Manage course enrolment for a single user', 'courseEnrolment_manage_byPerson.php, courseEnrolment_manage_byPerson_edit.php, courseEnrolment_manage_byPerson_edit_edit.php, courseEnrolment_manage_byPerson_edit_delete.php', 'courseEnrolment_manage_byPerson.php', 'Y', 'Y', 'Y', 'N', 'N', 'N', 'N', 'Y', 'N', 'N', 'N', 0013),
    (0000657, 'New Message_applicants', 12, 'Manage Messages', 'Bulk email to applicants by intended school year of entry', 'messenger_post.php', 'messenger_post.php', 'Y', 'Y', 'Y', 'N', 'N', 'N', 'N', 'Y', 'N', 'Y', 'N', 0121),
    (0000658, 'New Message_individuals', 13, 'Manage Messages', 'Bulk email to indvidual users', 'messenger_post.php', 'messenger_post.php', 'Y', 'Y', 'Y', 'N', 'N', 'N', 'N', 'Y', 'Y', 'Y', 'N', 0121),
    (0000659, 'New Message_houses_my', 14, 'Manage Messages', 'Bulk email to members of my house', 'messenger_post.php', 'messenger_post.php', 'Y', 'Y', 'Y', 'N', 'N', 'N', 'N', 'Y', 'Y', 'Y', 'N', 0121),
    (0000660, 'New Message_houses_all', 15, 'Manage Messages', 'Bulk email to members of all houses', 'messenger_post.php', 'messenger_post.php', 'Y', 'Y', 'Y', 'N', 'N', 'N', 'N', 'Y', 'Y', 'Y', 'N', 0121),
    (0000661, 'Unit Planner_all', 1, 'Planning', 'Manage all units within the school', 'units.php, units_add.php, units_delete.php, units_edit.php, units_duplicate.php, units_edit_deploy.php, units_edit_working.php, units_edit_working_copyback.php, units_edit_working_add.php, units_edit_copyBack.php, units_edit_copyForward.php, units_dump.php,units_edit_smartBlockify.php', 'units.php', 'Y', 'Y', 'Y', 'N', 'N', 'N', 'N', 'Y', 'N', 'N', 'N', 0009),
    (0000662, 'Unit Planner_learningAreas', 0, 'Planning', 'Manage all units within the learning areas I have appropriate permission', 'units.php, units_add.php, units_delete.php, units_edit.php, units_duplicate.php, units_edit_deploy.php, units_edit_working.php, units_edit_working_copyback.php, units_edit_working_add.php, units_edit_copyBack.php, units_edit_copyForward.php, units_dump.php,units_edit_smartBlockify.php', 'units.php', 'Y', 'Y', 'N', 'Y', 'N', 'N', 'N', 'Y', 'N', 'N', 'N', 0009),
    (0000673, 'Activity Spread by Roll Group', 0, 'Reports', 'View spread of enrolment over terms and days by roll group', 'report_activitySpread_rollGroup.php', 'report_activitySpread_rollGroup.php', 'Y', 'Y', 'Y', 'Y', 'N', 'N', 'N', 'Y', 'N', 'N', 'N', 0015),
    (0000674, 'Manage Planner Settings', 0, 'Learn', 'Edit settings for the planner', 'plannerSettings.php', 'plannerSettings.php', 'Y', 'Y', 'Y', 'N', 'N', 'N', 'N', 'Y', 'N', 'N', 'N', 0001),
    (0000675, 'Manage Outcomes_viewAllEditLearningArea', 1, 'Outcomes', 'View all outcomes in the school, edit any from Learning Areas where you are Coordinator or Teacher (Curriculum)', 'outcomes.php, outcomes_add.php, outcomes_edit.php, outcomes_delete.php', 'outcomes.php', 'Y', 'Y', 'N', 'Y', 'N', 'N', 'N', 'Y', 'N', 'N', 'N', 0009),
    (0000676, 'Manage Outcomes_viewEditAll', 2, 'Outcomes', 'Manage all outcomes in the school', 'outcomes.php, outcomes_add.php, outcomes_edit.php, outcomes_delete.php', 'outcomes.php', 'Y', 'Y', 'Y', 'N', 'N', 'N', 'N', 'Y', 'N', 'N', 'N', 0009),
    (0000677, 'Manage Outcomes_viewAll', 0, 'Outcomes', 'View all outcomes in the school', 'outcomes.php', 'outcomes.php', 'Y', 'Y', 'N', 'N', 'N', 'N', 'N', 'Y', 'N', 'N', 'N', 0009),
    (0000678, 'Manage Rubrics_viewAllEditLearningArea', 0, 'Rubrics', 'View all rubrics in the school, edit any from Learning Areas where you are Coordinator or Teacher (Curriculum)', 'rubrics.php, rubrics_add.php, rubrics_edit.php, rubrics_delete.php, rubrics_edit_editRowsColumns.php, rubrics_duplicate.php', 'rubrics.php', 'Y', 'Y', 'N', 'Y', 'N', 'N', 'N', 'Y', 'N', 'N', 'N', 0126),
    (0000679, 'Manage Rubrics_viewEditAll', 1, 'Rubrics', 'Manage all rubrics in the school', 'rubrics.php, rubrics_add.php, rubrics_edit.php, rubrics_delete.php, rubrics_edit_editRowsColumns.php, rubrics_duplicate.php', 'rubrics.php', 'Y', 'Y', 'Y', 'N', 'N', 'N', 'N', 'Y', 'N', 'N', 'N', 0126),
    (0000705, 'Activity Choices by Student', 1, 'Reports', 'View all student activity choices in the current year for a given student', 'report_activityChoices_byStudent.php', 'report_activityChoices_byStudent.php', 'Y', 'Y', 'Y', 'Y', 'N', 'N', 'N', 'Y', 'N', 'N', 'N', 0015),
    (0000706, 'Manage Grade Scales', 1, 'Assess', 'Manage all aspects of grade scales, which are used throughout ARR to control grade input.', 'gradeScales_manage.php, gradeScales_manage_add.php, gradeScales_manage_edit.php, gradeScales_manage_delete.php, gradeScales_manage_edit_grade_add.php, gradeScales_manage_edit_grade_edit.php, gradeScales_manage_edit_grade_delete.php', 'gradeScales_manage.php', 'Y', 'Y', 'Y', 'N', 'N', 'N', 'N', 'Y', 'N', 'N', 'N', 0001),
    (0000707, 'New Students', 1, 'Reports', 'A report showing all new students in the current school year.', 'report_students_new.php', 'report_students_new.php', 'Y', 'Y', 'Y', 'Y', 'N', 'N', 'N', 'Y', 'N', 'N', 'N', 0005),
    (0000708, 'View Rubrics', 0, 'Rubrics', 'View all rubrics in the school, except students who can only view those for own year group.', 'rubrics_view.php, rubrics_view_full.php', 'rubrics_view.php', 'Y', 'Y', 'N', 'N', 'Y', 'N', 'N', 'Y', 'Y', 'Y', 'N', 0126),
    (0000709, 'Activity Enrolment Summary', 0, 'Reports', 'View summary enrolment information for all activities in the current year.', 'report_activityEnrollmentSummary.php', 'report_activityEnrollmentSummary.php', 'Y', 'Y', 'Y', 'Y', 'N', 'N', 'N', 'Y', 'N', 'N', 'N', 0015),
    (0000710, 'Manage Catalog', 0, 'Catalog', 'Control all items in the school library catalog', 'manage_catalogue, edit, delete_item, duplicate_item', 'manage_catalogue', 'Y', 'Y', 'Y', 'N', 'N', 'N', 'N', 'Y', 'N', 'N', 'N', 0130),
    (0000711, 'Lending & Activity Log', 0, 'Catalog', 'Manage lending, returns, reservations, repairs, decommissioning, etc.', 'library_lending.php, library_lending_item.php,library_lending_item_signout.php,library_lending_item_return.php,library_lending_item_edit.php,library_lending_item_renew.php', 'library_lending.php', 'Y', 'Y', 'Y', 'N', 'N', 'N', 'N', 'Y', 'N', 'N', 'N', 0130),
    (0000712, 'Manage Library Settings', 0, 'Learn', 'Manage settings for the Library module', 'librarySettings.php', 'librarySettings.php', 'Y', 'Y', 'Y', 'N', 'N', 'N', 'N', 'Y', 'N', 'N', 'N', 0001),
    (0000713, 'Age & Gender Summary', 0, 'Reports', 'Summarises gender, age and school year', 'report_students_ageGenderSummary.php', 'report_students_ageGenderSummary.php', 'N', 'Y', 'Y', 'N', 'N', 'N', 'N', 'Y', 'N', 'N', 'N', 0005),
    (0000714, 'Roll Group Summary', 0, 'Reports', 'Summarises gender and number of students across all roll groups.', 'report_rollGroupSummary.php', 'report_rollGroupSummary.php', 'Y', 'Y', 'Y', 'N', 'N', 'N', 'N', 'Y', 'N', 'N', 'N', 0005),
    (0000715, 'Manage Alert Levels', 0, 'People', 'Manage the alert levels which are used throughout the school to flag problems.', 'alertLevelSettings.php', 'alertLevelSettings.php', 'Y', 'Y', 'Y', 'N', 'N', 'N', 'N', 'Y', 'N', 'N', 'N', 0001),
    (0000716, 'Individual Needs Records_viewContribute', 1, 'Individual Needs', 'Allows users to contribute teaching strategies to IN records for all students', 'in_view.php, in_edit.php', 'in_view.php', 'Y', 'Y', 'Y', 'Y', 'N', 'N', 'N', 'Y', 'N', 'N', 'N', 0011),
    (0000717, 'Manage IN Settings', 0, 'People', 'Allows admins to control the descriptors available for use in the Individual Needs module.', 'inSettings.php, inSettings_add.php, inSettings_edit.php, inSettings_delete.php', 'inSettings.php', 'Y', 'Y', 'Y', 'N', 'N', 'N', 'N', 'Y', 'N', 'N', 'N', 0001),
    (0000718, 'Individual Needs Summary', 0, 'Individual Needs', 'Allows user to see a flexible summary of IN data.', 'in_summary.php', 'in_summary.php', 'Y', 'Y', 'Y', 'N', 'N', 'N', 'N', 'Y', 'N', 'N', 'N', 0011),
    (0000719, 'Find Behaviour Patterns', 0, 'Behaviour Tracking', 'Allows user to spot students who are repeat or regular offenders.', 'behaviour_pattern.php', 'behaviour_pattern.php', 'Y', 'Y', 'Y', 'N', 'N', 'N', 'N', 'Y', 'N', 'N', 'N', 0119),
    (0000720, 'Browse The Library', 0, 'Catalog', 'Search and view all borrowable items maintained by the library', 'library_browse.php', 'library_browse.php', 'N', 'Y', 'Y', 'Y', 'Y', 'Y', 'Y', 'Y', 'Y', 'Y', 'Y', 0130),
    (0000721, 'View Overdue Items', 0, 'Reports', 'View items which are on loan and have exceeded their due date.', 'report_viewOverdueItems.php', 'report_viewOverdueItems.php', 'Y', 'Y', 'Y', 'N', 'N', 'N', 'N', 'Y', 'Y', 'Y', 'N', 0130),
    (0000722, 'Student Borrowing Record', 0, 'Reports', 'View items borrowed by an individual student.', 'report_studentBorrowingRecord.php', 'report_studentBorrowingRecord.php', 'Y', 'Y', 'Y', 'Y', 'N', 'N', 'N', 'Y', 'N', 'N', 'N', 0130),
    (0000723, 'Manage User Settings', 0, 'User Settings', 'Configure settings relating to user management.', 'userSettings.php', 'userSettings.php', 'Y', 'Y', 'Y', 'N', 'N', 'N', 'N', 'Y', 'N', 'N', 'N', 0002),
    (0000724, 'Family Address by Student', 0, 'Reports', 'View family addresses by student', 'report_familyAddress_byStudent.php', 'report_familyAddress_byStudent.php', 'Y', 'Y', 'Y', 'N', 'N', 'N', 'N', 'Y', 'N', 'N', 'N', 0005),
    (0000725, 'Data Updater Settings', 0, 'User Settings', 'Configure options for the Data Updater module', 'dataUpdaterSettings.php', 'dataUpdaterSettings.php', 'Y', 'Y', 'Y', 'N', 'N', 'N', 'N', 'Y', 'N', 'N', 'N', 0002),
    (0000726, 'Formal Assessment Settings', 0, 'Assess', 'Configure External Assessment module options', 'formalAssessmentSettings.php', 'formalAssessmentSettings.php', 'Y', 'Y', 'Y', 'N', 'N', 'N', 'N', 'Y', 'N', 'N', 'N', 0001),
    (0000727, 'Markbook Settings', 0, 'Assess', 'Configure options for the Markbook module', 'markbookSettings.php', 'markbookSettings.php', 'Y', 'Y', 'Y', 'N', 'N', 'N', 'N', 'Y', 'N', 'N', 'N', 0001),
    (0000741, 'View Activities_studentRegisterByParent', 2, 'Activities', 'Allows parents to register their children for activities', 'activities_view.php, activities_view_full.php, activities_view_register.php', 'activities_view.php', 'Y', 'Y', 'N', 'N', 'N', 'Y', 'N', 'N', 'N', 'Y', 'N', 0015),
    (0000742, 'Manage Students Settings', 0, 'User Settings', 'Manage settings for the Student module', 'studentsSettings.php,studentsSettings_noteCategory_add.php,studentsSettings_noteCategory_edit.php,studentsSettings_noteCategory_delete.php', 'studentsSettings.php', 'Y', 'Y', 'Y', 'N', 'N', 'N', 'N', 'Y', 'N', 'N', 'N', 0002),
    (0000743, 'New Message_byEmail', 0, 'Manage Messages', 'Send messages by email.', 'messenger_post.php', 'messenger_post.php', 'Y', 'Y', 'Y', 'Y', 'N', 'N', 'N', 'Y', 'Y', 'Y', 'N', 0121),
    (0000744, 'New Message_byMessageWall', 0, 'Manage Messages', 'Send messages by message wall.', 'messenger_post.php', 'messenger_post.php', 'Y', 'Y', 'Y', 'Y', 'N', 'N', 'N', 'Y', 'Y', 'Y', 'N', 0121),
    (0000745, 'New Message_bySMS', 0, 'Manage Messages', 'Send messages by SMS.', 'messenger_post.php', 'messenger_post.php', 'Y', 'Y', 'Y', 'N', 'N', 'N', 'N', 'Y', 'Y', 'Y', 'N', 0121),
    (0000746, 'View Message Wall', 0, 'View Messages', 'Allows users to view all messages posted on their message wall.', 'messageWall_view.php,messageWall_view_full.php', 'messageWall_view.php', 'Y', 'Y', 'Y', 'Y', 'N', 'N', 'N', 'Y', 'Y', 'Y', 'N', 0121),
    (0000747, 'Manage Messenger Settings', 0, 'Other', 'Manage gateway settings for outgoing SMS messages.', 'messengerSettings.php', 'messengerSettings.php', 'Y', 'Y', 'Y', 'N', 'N', 'N', 'N', 'Y', 'N', 'N', 'N', 0001),
    (0000748, 'Catalog Summary', 0, 'Reports', 'Provides an summary overview of items in the catalog.', 'report_catalogSummary.php', 'report_catalogSummary.php', 'Y', 'Y', 'Y', 'N', 'N', 'N', 'N', 'Y', 'Y', 'Y', 'N', 0130),
    (0000755, 'Left Students', 1, 'Reports', 'A report showing all the students who have left within a specified date range.', 'report_students_left.php', 'report_students_left.php', 'Y', 'Y', 'Y', 'N', 'N', 'N', 'N', 'Y', 'N', 'N', 'N', 0005),
    (0000756, 'Manage File Extensions', 0, 'Other', 'Manage file extensions allowed across the system', 'fileExtensions_manage.php,fileExtensions_manage_add.php,fileExtensions_manage_edit.php,fileExtensions_manage_delete.php', 'fileExtensions_manage.php', 'Y', 'Y', 'Y', 'N', 'N', 'N', 'N', 'Y', 'N', 'N', 'N', 0001),
    (0000757, 'Student ID Cards', 1, 'Reports', 'A report for bulk creation of student ID cards.', 'report_students_IDCards.php', 'report_students_IDCards.php', 'Y', 'Y', 'Y', 'N', 'N', 'N', 'N', 'Y', 'N', 'N', 'N', 0005),
    (0000758, 'Edit Markbook_multipleClassesInDepartment', 1, 'Markbook', 'Edit columns and grades for a single class belonging to the user, or multiple classes within departments.', 'markbook_edit.php, markbook_edit_add.php, markbook_edit_edit.php, markbook_edit_delete.php,markbook_edit_data.php,markbook_edit_targets.php,markbook_edit_copy.php,markbook_edit_addMulti.php', 'markbook_edit.php', 'Y', 'Y', 'N', 'Y', 'N', 'N', 'N', 'Y', 'N', 'N', 'N', 0007),
    (0000759, 'Edit Markbook_multipleClassesAcrossSchool', 2, 'Markbook', 'Edit columns and grades for a single class belonging to the user, or multiple classes across the whole school.', 'markbook_edit.php, markbook_edit_add.php, markbook_edit_edit.php, markbook_edit_delete.php,markbook_edit_data.php,markbook_edit_targets.php,markbook_edit_copy.php,markbook_edit_addMulti.php', 'markbook_edit.php', 'Y', 'Y', 'Y', 'N', 'N', 'N', 'N', 'Y', 'N', 'N', 'N', 0007),
    (0000760, 'View Available Facilities', 0, 'Reports', 'View unassigned rooms by timetable.', 'report_viewAvailableSpaces.php', 'report_viewAvailableSpaces.php', 'Y', 'Y', 'Y', 'N', 'N', 'N', 'N', 'Y', 'Y', 'Y', 'Y', 0014),
    (0000764, 'Update Family Data_any', 1, 'Request Updates', 'Create family data update request for any user', 'data_family.php', 'data_family.php', 'Y', 'Y', 'Y', 'N', 'N', 'N', 'N', 'Y', 'N', 'N', 'N', 0008),
    (0000765, 'Update Family Data_family', 0, 'Request Updates', 'Allows adults in a family to create data update request for their family.', 'data_family.php', 'data_family.php', 'Y', 'Y', 'Y', 'Y', 'N', 'Y', 'Y', 'Y', 'N', 'Y', 'N', 0008),
    (0000766, 'Family Data Updates', 0, 'Manage Updates', 'Manage requests for updates to family data.', 'data_family_manage.php,data_family_manage_edit.php,data_family_manage_delete.php', 'data_family_manage.php', 'Y', 'Y', 'Y', 'N', 'N', 'N', 'N', 'Y', 'N', 'N', 'N', 0008),
    (0000767, 'Manage Fee Categories', 0, 'Billing', 'Allows users to create, edit and delete fee categories.', 'feeCategories_manage.php,feeCategories_manage_add.php,feeCategories_manage_edit.php,feeCategories_manage_delete.php', 'feeCategories_manage.php', 'Y', 'Y', 'Y', 'N', 'N', 'N', 'N', 'Y', 'N', 'N', 'N', 0135),
    (0000768, 'Manage Invoicees', 0, 'Billing', 'Allows users to view and edit invoice recipients.', 'invoicees_manage.php,invoicees_manage_edit.php', 'invoicees_manage.php', 'Y', 'Y', 'Y', 'N', 'N', 'N', 'N', 'Y', 'N', 'N', 'N', 0135),
    (0000769, 'Manage Fees', 0, 'Billing', 'Allows users to create, view and edit fees.', 'fees_manage.php,fees_manage_edit.php,fees_manage_add.php', 'fees_manage.php', 'Y', 'Y', 'Y', 'N', 'N', 'N', 'N', 'Y', 'N', 'N', 'N', 0135),
    (0000770, 'Manage Billing Schedule', 0, 'Billing', 'Allows users to create, view and edit billing windows.', 'billingSchedule_manage.php,billingSchedule_manage_edit.php,billingSchedule_manage_add.php', 'billingSchedule_manage.php', 'Y', 'Y', 'Y', 'N', 'N', 'N', 'N', 'Y', 'N', 'N', 'N', 0135),
    (0000771, 'Manage Invoices', 0, 'Billing', 'Allows users to generate, view, delete and edit invoices.', 'invoices_manage.php,invoices_manage_edit.php,invoices_manage_add.php,invoices_manage_delete.php,invoices_manage_view.php,invoices_manage_issue.php,invoices_manage_print.php', 'invoices_manage.php', 'Y', 'Y', 'Y', 'N', 'N', 'N', 'N', 'Y', 'N', 'N', 'N', 0135),
    (0000772, 'Manage Finance Settings', 0, 'Other', 'Allows users to edit the text that appears in invoices and receipts.', 'financeSettings.php', 'financeSettings.php', 'Y', 'Y', 'Y', 'N', 'N', 'N', 'N', 'Y', 'N', 'N', 'N', 0001),
    (0000773, 'Update Finance Data_any', 1, 'Request Updates', 'Create finance data update request for any user', 'data_finance.php', 'data_finance.php', 'Y', 'Y', 'Y', 'N', 'N', 'N', 'N', 'Y', 'N', 'N', 'N', 0008),
    (0000774, 'Update Finance Data_family', 0, 'Request Updates', 'Allows adults in a family to create finance data update request for their family.', 'data_finance.php', 'data_finance.php', 'Y', 'Y', 'Y', 'Y', 'N', 'Y', 'Y', 'Y', 'N', 'Y', 'N', 0008),
    (0000775, 'Finance Data Updates', 0, 'Manage Updates', 'Manage requests for updates to finance data.', 'data_finance_manage.php,data_finance_manage_edit.php,data_finance_manage_delete.php', 'data_finance_manage.php', 'Y', 'Y', 'Y', 'N', 'N', 'N', 'N', 'Y', 'N', 'N', 'N', 0008),
    (0000779, 'View Staff Profile_brief', 1, 'Profiles', 'View brief profile of any staff member in the school.', 'staff_view.php,staff_view_details.php', 'staff_view.php', 'Y', 'Y', 'Y', 'N', 'N', 'N', 'N', 'Y', 'Y', 'Y', 'Y', 0136),
    (0000780, 'View Staff Profile_full', 2, 'Profiles', 'View full profile of any staff member in the school.', 'staff_view.php,staff_view_details.php', 'staff_view.php', 'Y', 'Y', 'Y', 'N', 'N', 'N', 'N', 'Y', 'Y', 'Y', 'Y', 0136),
    (0000781, 'View Roll Groups', 1, 'Roll Groups', 'View a brief profile of roll groups in school.', 'list,details', 'list', 'Y', 'Y', 'Y', 'Y', 'Y', 'N', 'Y', 'Y', 'Y', 'Y', 'Y', 0137),
    (0000796, 'Manage External Assessments', 1, 'Assess', 'Add, edit and delete external assessments.', 'externalAssessments_manage.php,externalAssessments_manage_edit.php,externalAssessments_manage_edit_field_add.php,externalAssessments_manage_edit_field_edit.php,externalAssessments_manage_edit_field_delete.php, externalAssessments_manage_add.php, externalAssessments_manage_delete.php', 'externalAssessments_manage.php', 'Y', 'Y', 'Y', 'N', 'N', 'N', 'N', 'Y', 'N', 'N', 'N', 0001),
    (0000803, 'Edit Markbook_everything', 4, 'Markbook', 'Allows editing of any column in any class.', 'markbook_edit.php, markbook_edit_add.php, markbook_edit_edit.php, markbook_edit_delete.php,markbook_edit_data.php,markbook_edit_targets.php,markbook_edit_copy.php', 'markbook_edit.php', 'Y', 'Y', 'Y', 'N', 'N', 'N', 'N', 'Y', 'N', 'N', 'N', 0007),
    (0000804, 'Manage Districts', 0, 'User Management', 'Manage a list of districts for address autocomplete.', 'district_manage.php, district_manage_add.php, district_manage_edit.php, district_manage_delete.php', 'district_manage.php', 'Y', 'Y', 'Y', 'N', 'N', 'N', 'N', 'Y', 'N', 'N', 'N', 0002),
    (0000805, 'Letters Home by Roll Group', 0, 'Reports', 'Show students in roll group, less those with an older sibling, so that letters can be carried home by oldest in family.', 'report_lettersHome_byRollGroup.php', 'report_lettersHome_byRollGroup.php', 'Y', 'Y', 'Y', 'N', 'N', 'N', 'N', 'Y', 'N', 'N', 'N', 0005),
    (0000806, 'Manage Languages', 0, 'Extend & Update', 'Allows administrators to control system-wide language and localisation settings.', 'language_manage', 'language_manage', 'Y', 'Y', 'Y', 'N', 'N', 'N', 'N', 'Y', 'N', 'N', 'N', 0003),
    (0000807, 'Privacy Choices by Student', 0, 'Reports', 'Shows privacy options selected, for those students with a selection made.', 'report_privacy_student.php', 'report_privacy_student.php', 'N', 'Y', 'Y', 'Y', 'N', 'N', 'N', 'Y', 'N', 'N', 'N', 0005),
    (0000808, 'View Available Teachers', 0, 'Reports', 'View unassigned teachers by timetable.', 'report_viewAvailableTeachers.php', 'report_viewAvailableTeachers.php', 'Y', 'Y', 'Y', 'N', 'N', 'N', 'N', 'Y', 'Y', 'Y', 'Y', 0014),
    (0000810, 'Parent Weekly Email Summary', 0, 'Reports', 'This report shows responses to the weekly summary email, organised by calendar week and role group.', 'report_parentWeeklyEmailSummaryConfirmation.php', 'report_parentWeeklyEmailSummaryConfirmation.php', 'Y', 'Y', 'Y', 'Y', 'N', 'N', 'N', 'Y', 'N', 'N', 'N', 0009),
    (0000812, 'Manage Facility Changes_allClasses', 2, 'Facilities', 'Allows a user to create and manage one-off location changes for all classes within the timetable.', 'spaceChange_manage.php,spaceChange_manage_add.php,spaceChange_manage_edit.php,spaceChange_manage_delete.php', 'spaceChange_manage.php', 'Y', 'Y', 'Y', 'N', 'N', 'N', 'N', 'Y', 'N', 'N', 'N', 0014),
    (0000813, 'Manage Facility Changes_myClasses', 0, 'Facilities', 'Allows a user to create and manage one-off location changes for their own classes within the timetable.', 'spaceChange_manage.php,spaceChange_manage_add.php,spaceChange_manage_edit.php,spaceChange_manage_delete.php', 'spaceChange_manage.php', 'Y', 'Y', 'N', 'Y', 'N', 'N', 'N', 'Y', 'N', 'N', 'N', 0014),
    (0000814, 'Manage Facility Bookings_allBookings', 0, 'Facilities', 'Allows a user to book a room for on-off use, and manage bookings made by all other users.', 'spaceBooking_manage.php,spaceBooking_manage_add.php,spaceBooking_manage_edit.php,spaceBooking_manage_delete.php', 'spaceBooking_manage.php', 'Y', 'Y', 'Y', 'N', 'N', 'N', 'N', 'Y', 'N', 'N', 'N', 0014),
    (0000815, 'Manage Facility Bookings_myBookings', 0, 'Facilities', 'Allows a user to book a room for on-off use, and manage their own bookings.', 'spaceBooking_manage.php,spaceBooking_manage_add.php,spaceBooking_manage_edit.php,spaceBooking_manage_delete.php', 'spaceBooking_manage.php', 'Y', 'Y', 'N', 'Y', 'N', 'N', 'N', 'Y', 'N', 'N', 'N', 0014),
    (0000817, 'Outcomes By Course', 0, 'Outcomes', 'This view gives an overview of which whole school and learning area outcomes are covered by classes in a given course, allowing for curriculum mapping by outcome and course.', 'curriculumMapping_outcomesByCourse.php', 'curriculumMapping_outcomesByCourse.php', 'Y', 'Y', 'Y', 'N', 'N', 'N', 'N', 'Y', 'Y', 'Y', 'N', 0009),
    (0000818, 'New Quick Wall Message', 0, 'Manage Messages', 'Allows for the quick posting of a Message Wall message to all users.', 'messenger_postQuickWall.php', 'messenger_postQuickWall.php', 'Y', 'Y', 'Y', 'Y', 'N', 'N', 'Y', 'Y', 'Y', 'Y', 'N', 0121),
    (0000820, 'New Message_transport_any', 0, 'Manage Messages', 'Send messages users by transport field.', 'messenger_post.php', 'messenger_post.php', 'Y', 'Y', 'Y', 'N', 'N', 'N', 'N', 'Y', 'Y', 'N', 'N', 0121),
    (0000821, 'New Message_transport_parents', 0, 'Manage Messages', 'Send messages parents of users by transport field.', 'messenger_post.php', 'messenger_post.php', 'Y', 'Y', 'Y', 'N', 'N', 'N', 'N', 'Y', 'Y', 'N', 'N', 0121);
INSERT INTO `gibbonAction` (`gibbonActionID`, `name`, `precedence`, `category`, `description`, `URLList`, `entryURL`, `entrySidebar`, `menuShow`, `defaultPermissionAdmin`, `defaultPermissionTeacher`, `defaultPermissionStudent`, `defaultPermissionParent`, `defaultPermissionSupport`, `categoryPermissionStaff`, `categoryPermissionStudent`, `categoryPermissionParent`, `categoryPermissionOther`, `gibbonModuleID`) VALUES
    (0000822, 'Archive Records', 0, 'Other', 'Allows for current records to be archived for viewing in the future.', 'in_archive.php', 'in_archive.php', 'Y', 'Y', 'Y', 'N', 'N', 'N', 'N', 'Y', 'N', 'N', 'N', 0011),
    (0000823, 'View Timetable by Person_allYears', 3, 'View Timetables', 'Allows users to view timetables in all school years.', 'tt.php, tt_view.php', 'tt.php', 'Y', 'Y', 'Y', 'N', 'N', 'N', 'N', 'Y', 'Y', 'Y', 'N', 0014),
    (0000824, 'Manage Budgets', 0, 'Expenses', 'Allows users to create, edit and delete budgets.', 'budgets_manage.php,budgets_manage_add.php,budgets_manage_edit.php,budgets_manage_delete.php', 'budgets_manage.php', 'Y', 'Y', 'Y', 'N', 'N', 'N', 'N', 'Y', 'N', 'N', 'N', 0135),
    (0000825, 'Manage Expense Approvers', 0, 'Expenses', 'Determines who can approve expense requests, in accordance to the Expense Approval Type setting in School Admin.', 'expenseApprovers_manage.php,expenseApprovers_manage_add.php,expenseApprovers_manage_edit.php,expenseApprovers_manage_delete.php', 'expenseApprovers_manage.php', 'Y', 'Y', 'Y', 'N', 'N', 'N', 'N', 'Y', 'N', 'N', 'N', 0135),
    (0000826, 'Manage Budget Cycles', 0, 'Expenses', 'Allows a sufficiently priviledged user to create and manage budget cycles.', 'budgetCycles_manage.php,budgetCycles_manage_add.php,budgetCycles_manage_edit.php,budgetCycles_manage_delete.php', 'budgetCycles_manage.php', 'Y', 'Y', 'Y', 'N', 'N', 'N', 'N', 'Y', 'N', 'N', 'N', 0135),
    (0000827, 'My Expense Requests', 0, 'Expenses', 'Allows a user to request expenses from budgets they have access to.', 'expenseRequest_manage.php,expenseRequest_manage_add.php,expenseRequest_manage_view.php,expenseRequest_manage_reimburse.php', 'expenseRequest_manage.php', 'Y', 'Y', 'Y', 'N', 'N', 'N', 'N', 'Y', 'N', 'N', 'N', 0135),
    (0000828, 'Manage Expenses_all', 0, 'Expenses', 'Gives access to full control all expenses across all budgets.', 'expenses_manage.php, expenses_manage_add.php, expenses_manage_edit.php, expenses_manage_print.php, expenses_manage_approve.php, expenses_manage_view.php', 'expenses_manage.php', 'Y', 'Y', 'Y', 'N', 'N', 'N', 'N', 'Y', 'N', 'N', 'N', 0135),
    (0000829, 'Manage Expenses_myBudgets', 0, 'Expenses', 'Gives access to control expenses, according to budget-level access rights.', 'expenses_manage.php, expenses_manage_edit.php, expenses_manage_print.php, expenses_manage_approve.php, expenses_manage_view.php', 'expenses_manage.php', 'Y', 'Y', 'N', 'Y', 'N', 'N', 'Y', 'Y', 'N', 'N', 'N', 0135),
    (0000830, 'Third Party Settings', 0, 'Settings', 'Allows administrators to configure and make use of third party services.', 'third_party', 'third_party', 'Y', 'Y', 'Y', 'N', 'N', 'N', 'N', 'Y', 'N', 'N', 'N', 0003),
    (0000831, 'Public Registration Settings', 0, 'Student Management', 'Gives access to enable and configure public registration.', 'publicRegistrationSettings.php', 'publicRegistrationSettings.php', 'Y', 'Y', 'Y', 'N', 'N', 'N', 'N', 'Y', 'N', 'N', 'N', 0002),
    (0000833, 'Manage Internal Assessments', 0, 'Internal Assessment', 'Allows privileged users to create and manage Internal Assessment columns.', 'internalAssessment_manage.php, internalAssessment_manage_add.php, internalAssessment_manage_edit.php, internalAssessment_manage_delete.php', 'internalAssessment_manage.php', 'Y', 'Y', 'Y', 'N', 'N', 'N', 'N', 'Y', 'N', 'N', 'N', 0016),
    (0000834, 'Write Internal Assessments_myClasses', 0, 'Internal Assessment', 'Allows teachers to enter Internal Assessment assessment data to columns in their classes.', 'internalAssessment_write.php, internalAssessment_write_data.php', 'internalAssessment_write.php', 'Y', 'Y', 'N', 'Y', 'N', 'N', 'N', 'Y', 'N', 'N', 'N', 0016),
    (0000835, 'Write Internal Assessments_all', 1, 'Internal Assessment', 'Allows privileged users to enter Internal Assessment assessment data to columns in all classes.', 'internalAssessment_write.php, internalAssessment_write_data.php', 'internalAssessment_write.php', 'Y', 'Y', 'Y', 'N', 'N', 'N', 'N', 'Y', 'N', 'N', 'N', 0016),
    (0000836, 'View Internal Assessments_mine', 0, 'Internal Assessment', 'Allows students to view their own Internal Assessment results.', 'internalAssessment_view.php', 'internalAssessment_view.php', 'Y', 'Y', 'N', 'N', 'Y', 'N', 'N', 'N', 'Y', 'N', 'N', 0016),
    (0000837, 'View Internal Assessments_myChildrens', 1, 'Internal Assessment', 'Allows parents to view their childrens\' Internal Assessment results.', 'internalAssessment_view.php', 'internalAssessment_view.php', 'Y', 'Y', 'N', 'N', 'N', 'Y', 'N', 'N', 'N', 'Y', 'N', 0016),
    (0000838, 'View Internal Assessments_all', 2, 'Internal Assessment', 'Allows staff to see Internal Assessment results for all children.', 'internalAssessment_view.php', 'internalAssessment_view.php', 'Y', 'Y', 'Y', 'Y', 'N', 'N', 'N', 'Y', 'N', 'N', 'N', 0016),
    (0000839, 'Manage Facility Settings', 0, 'Other', 'Allows privileged users to manage settings for spaces.', 'spaceSettings.php', 'spaceSettings.php', 'Y', 'Y', 'Y', 'N', 'N', 'N', 'N', 'Y', 'N', 'N', 'N', 0001),
    (0000840, 'View Behaviour Records_myChildren', 0, 'Behaviour Records', 'View behaviour records for students within a family.', 'behaviour_view.php,behaviour_view_details.php', 'behaviour_view.php', 'Y', 'Y', 'N', 'N', 'N', 'N', 'N', 'N', 'N', 'Y', 'N', 0119),
    (0000841, 'View Master Timetable', 0, 'View Timetables', 'Allows a user to see all days, periods, teachers and rooms in a timetable.', 'tt_master.php', 'tt_master.php', 'Y', 'Y', 'Y', 'N', 'N', 'N', 'N', 'Y', 'N', 'N', 'N', 0014),
    (0000842, 'Graphing_all', 2, 'Visualise', 'Allows a user to see progress tracking graphs for all students in school.', 'graphing.php', 'graphing.php', 'N', 'Y', 'Y', 'N', 'N', 'N', 'N', 'Y', 'N', 'N', 'N', 0141),
    (0000843, 'Course Enrolment Rollover', 0, 'Courses & Classes', 'Allows privileged users to move enrolments from the current year to the next year.', 'course_rollover.php', 'course_rollover.php', 'Y', 'Y', 'Y', 'N', 'N', 'N', 'N', 'Y', 'N', 'N', 'N', 0013),
    (0000844, 'Manage Custom Fields', 0, 'User Management', 'Allows a user to create, edit and delete custom fields for users.', 'userFields.php, userFields_add.php, userFields_edit.php, userFields_delete.php', 'userFields.php', 'Y', 'Y', 'Y', 'N', 'N', 'N', 'N', 'Y', 'N', 'N', 'N', 0002),
    (0000845, 'Manage Student Enrolment', 0, 'Edit Timetables', 'Allows a departmental Coordinator or Assistant Coordinator to manage student enrolment within their department.', 'studentEnrolment_manage.php, studentEnrolment_manage_edit.php, studentEnrolment_manage_edit_edit.php', 'studentEnrolment_manage.php', 'Y', 'Y', 'N', 'N', 'N', 'N', 'N', 'Y', 'N', 'N', 'N', 0014),
    (0000846, 'Tracking Settings', 0, 'Assess', 'Allows a user to manage settings for the Tracking module.', 'trackingSettings.php', 'trackingSettings.php', 'Y', 'Y', 'Y', 'N', 'N', 'N', 'N', 'Y', 'N', 'N', 'N', 0001),
    (0000847, 'Data Points', 0, 'Analyse', 'Allows a user to export certain key assessment data points to a spreadsheet.', 'dataPoints.php', 'dataPoints.php', 'Y', 'Y', 'Y', 'N', 'N', 'N', 'N', 'Y', 'N', 'N', 'N', 0141),
    (0000848, 'View Behaviour Letters', 0, 'Behaviour Tracking', 'Allows a user to view automated behaviour letters sent out by the system.', 'behaviour_letters.php', 'behaviour_letters.php', 'Y', 'Y', 'Y', 'N', 'N', 'N', 'N', 'Y', 'N', 'N', 'N', 0119),
    (0000849, 'View Invoices_myChildren', 1, 'Billing', 'Allows parents to view invoices issued to members of their family.', 'invoices_view.php, invoices_view_print.php', 'invoices_view.php', 'Y', 'Y', 'N', 'N', 'N', 'Y', 'N', 'N', 'N', 'Y', 'N', 0135),
    (0000850, 'View Individual Education Plans_myChildren', 0, 'Individual Needs', 'Allows parents to view individual needs plans for members of their family.', 'iep_view_myChildren.php', 'iep_view_myChildren.php', 'Y', 'Y', 'N', 'N', 'N', 'N', 'N', 'N', 'N', 'Y', 'N', 0011),
    (0000851, 'String Replacement', 0, 'Settings', 'Allows for interface strings to be replaced with custom values.', 'string_replacement_manage, string_replacement_edit, string_replacement_delete', 'string_replacement_manage', 'Y', 'Y', 'Y', 'N', 'N', 'N', 'N', 'Y', 'N', 'N', 'N', 0003),
    (0000852, 'Import User Photos', 0, 'Import', 'Allows bulk import of user photos based on a ZIP file.', 'import_userPhotos.php', 'import_userPhotos.php', 'Y', 'Y', 'Y', 'N', 'N', 'N', 'N', 'Y', 'N', 'N', 'N', 0002),
    (0000853, 'Canned Response', 0, 'Manage Messages', 'Allows for the creation of message templates.', 'cannedResponse_manage.php, cannedResponse_manage_add.php, cannedResponse_manage_edit.php, cannedResponse_manage_delete.php', 'cannedResponse_manage.php', 'Y', 'Y', 'Y', 'N', 'N', 'N', 'N', 'Y', 'N', 'N', 'N', 0121),
    (0000854, 'Job Openings', 0, 'Staff Management', 'Allows for the creation of job openings, which can be used in the job application form.', 'jobOpenings_manage.php, jobOpenings_manage_add.php, jobOpenings_manage_edit.php, jobOpenings_manage_delete.php', 'jobOpenings_manage.php', 'Y', 'Y', 'Y', 'N', 'N', 'N', 'N', 'Y', 'N', 'N', 'N', 0136),
    (0000855, 'Manage Staff Settings', 0, 'User Settings', 'Controls settings for users with role category Staff.', 'staffSettings.php,staffSettings_manage_add.php,staffSettings_manage_edit.php,staffSettings_manage_delete.php', 'staffSettings.php', 'Y', 'Y', 'Y', 'N', 'N', 'N', 'N', 'Y', 'N', 'N', 'N', 0002),
    (0000856, 'Application Form', 0, 'Staff Management', 'Allows prospective staff to apply for job openings.', 'applicationForm.php, applicationForm_jobOpenings_view.php', 'applicationForm.php', 'Y', 'Y', 'Y', 'Y', 'N', 'N', 'Y', 'Y', 'Y', 'Y', 'Y', 0136),
    (0000857, 'Staff Application Form Settings', 0, 'Staff Management', 'Allows admins to control the staff application form.', 'staffApplicationFormSettings.php', 'staffApplicationFormSettings.php', 'Y', 'Y', 'Y', 'Y', 'N', 'N', 'N', 'Y', 'N', 'N', 'N', 0002),
    (0000858, 'Manage Applications', 0, 'Staff Management', 'Allows administrators to view and action staff applications.', 'applicationForm_manage.php, applicationForm_manage_edit.php, applicationForm_manage_delete.php, applicationForm_manage_accept.php, applicationForm_manage_reject.php', 'applicationForm_manage.php', 'Y', 'Y', 'Y', 'Y', 'N', 'N', 'N', 'Y', 'N', 'N', 'N', 0136),
    (0000859, 'Manage Staff_confidential', 1, 'Staff Management', 'Edit general and confidential information on members of staff.', 'staff_manage.php, staff_manage_add.php, staff_manage_edit.php, staff_manage_delete.php, staff_manage_edit_contract_add.php, staff_manage_edit_contract_edit.php, staff_manage_edit_facility_add.php, staff_manage_edit_facility_delete.php', 'staff_manage.php', 'Y', 'Y', 'Y', 'Y', 'N', 'N', 'N', 'Y', 'N', 'N', 'N', 0136),
    (0000860, 'Enter Activity Attendance', 1, 'Attendance', 'Record student attendance for activities.', 'activities_attendance.php,activities_attendanceProcess.php', 'activities_attendance.php', 'Y', 'Y', 'Y', 'Y', 'N', 'N', 'N', 'Y', 'N', 'N', 'N', 0015),
    (0000861, 'Printable Attendance Sheet', 1, 'Attendance', 'Generate a printable attendance sheet for activities.', 'activities_attendance_sheet.php,activities_attendance_sheetPrint.php', 'activities_attendance_sheet.php', 'Y', 'Y', 'Y', 'Y', 'N', 'N', 'N', 'Y', 'N', 'N', 'N', 0015),
    (0000862, 'View External Assessments_mine', 0, 'External Assessment', 'Allows a student to view their own external assessment records.', 'externalAssessment_view.php', 'externalAssessment_view.php', 'Y', 'Y', 'N', 'N', 'N', 'N', 'N', 'N', 'Y', 'N', 'N', 0016),
    (0000863, 'View External Assessments_myChildrens', 1, 'External Assessment', 'Allows a parent to view external assessment records for their children.', 'externalAssessment_view.php', 'externalAssessment_view.php', 'Y', 'Y', 'N', 'N', 'N', 'N', 'N', 'N', 'N', 'Y', 'N', 0016),
    (0000864, 'View Invoices_mine', 0, 'Billing', 'Allows a student to view their own invoices.', 'invoices_view.php, invoices_view_print.php', 'invoices_view.php', 'Y', 'Y', 'N', 'N', 'N', 'N', 'N', 'N', 'Y', 'N', 'N', 0135),
    (0000865, 'Manage Facility Changes_myDepartment', 1, 'Facilities', 'Allows a department coordinator to manage changes for all classes in their department.', 'spaceChange_manage.php,spaceChange_manage_add.php,spaceChange_manage_edit.php,spaceChange_manage_delete.php', 'spaceChange_manage.php', 'Y', 'Y', 'N', 'N', 'N', 'N', 'N', 'Y', 'N', 'N', 'N', 0014),
    (0000866, 'New Message_attendance', 0, 'Manage Messages', 'Bulk email by student attendance.', 'messenger_post.php', 'messenger_post.php', 'Y', 'Y', 'Y', 'N', 'N', 'N', 'N', 'Y', 'N', 'N', 'N', 0121),
    (0000868, 'Manage Weightings_everything', 1, 'Markbook', 'Manage markbook weightings for any class.', 'weighting_manage.php,weighting_manage_add.php,weighting_manage_edit.php,weighting_manage_delete.php', 'weighting_manage.php', 'Y', 'N', 'Y', 'N', 'N', 'N', 'N', 'Y', 'N', 'N', 'N', 0007),
    (0000869, 'Manage Weightings_singleClass', 0, 'Markbook', 'Manage markbook weightings for a single class at a time.', 'weighting_manage.php,weighting_manage_add.php,weighting_manage_edit.php,weighting_manage_delete.php', 'weighting_manage.php', 'Y', 'N', 'Y', 'Y', 'N', 'N', 'N', 'Y', 'N', 'N', 'N', 0007),
    (0000870, 'Manage Dashboard Settings', 0, 'Other', 'Manage settings that control Staff, Student and Parent dashboards.', 'dashboardSettings.php', 'dashboardSettings.php', 'Y', 'Y', 'Y', 'N', 'N', 'N', 'N', 'Y', 'N', 'N', 'N', 0001),
    (0000872, 'Display Settings', 0, 'Settings', 'Allows administrators to configure the system display settings.', 'display_settings', 'display_settings', 'Y', 'Y', 'Y', 'N', 'N', 'N', 'N', 'Y', 'N', 'N', 'N', 0003),
    (0000873, 'Scope & Sequence', 0, 'Curriculum Overview', 'Allows users to generate scope and sequence documentation for individual courses, based on the Unit Planner.', 'scopeAndSequence.php', 'scopeAndSequence.php', 'N', 'Y', 'Y', 'Y', 'N', 'N', 'N', 'Y', 'N', 'N', 'N', 0009),
    (0000874, 'Concept Explorer', 0, 'Curriculum Overview', 'Allows users to browse and explore concepts and keywords, based on the Unit Planner.', 'conceptExplorer.php', 'conceptExplorer.php', 'N', 'Y', 'Y', 'Y', 'N', 'N', 'N', 'Y', 'N', 'N', 'N', 0009),
    (0000875, 'Attendance By Class', 0, 'Take Attendance', 'Take attendance, one class at a time', 'attendance_take_byCourseClass.php', 'attendance_take_byCourseClass.php', 'Y', 'Y', 'Y', 'Y', 'N', 'N', 'N', 'Y', 'N', 'N', 'N', 0006),
    (0000876, 'View Daily Attendance', 0, 'Take Attendance', 'View attendance, by roll group and class', 'attendance.php', 'attendance.php', 'Y', 'Y', 'Y', 'Y', 'N', 'N', 'N', 'Y', 'N', 'N', 'N', 0006),
    (0000877, 'Manage Attendance Settings', 0, 'People', 'Allows administrators to configure the attendance module.', 'attendanceSettings.php,attendanceSettings_manage_add.php,attendanceSettings_manage_edit.php,attendanceSettings_manage_delete.php', 'attendanceSettings.php', 'Y', 'Y', 'Y', 'N', 'N', 'N', 'N', 'Y', 'N', 'N', 'N', 0001),
    (0000878, 'Classes Not Registered', 0, 'Reports', 'Print a report of classes who have not been registered on a given day', 'report_courseClassesNotRegistered_byDate.php,report_courseClassesNotRegistered_byDate_print.php', 'report_courseClassesNotRegistered_byDate.php', 'Y', 'Y', 'Y', 'Y', 'N', 'N', 'Y', 'Y', 'N', 'N', 'Y', 0006),
    (0000879, 'Manage Attendance Logs', 0, 'Take Attendance', 'Edit student attendance logs.', 'attendance_take_byPerson_edit.php,attendance_take_byPerson_delete.php', 'attendance_take_byPerson_edit.php', 'Y', 'N', 'Y', 'N', 'N', 'N', 'N', 'Y', 'N', 'N', 'N', 0006),
    (0000880, 'Attendance Summary by Date', 0, 'Reports', 'Print a report of student attendace in a given date range', 'report_summary_byDate.php,report_summary_byDate_print.php', 'report_summary_byDate.php', 'Y', 'Y', 'Y', 'Y', 'N', 'N', 'N', 'Y', 'N', 'N', 'Y', 0006),
    (0000881, 'Attendance Trends', 0, 'Reports', 'Display a graph of student attendance types over time', 'report_graph_byType.php', 'report_graph_byType.php', 'Y', 'Y', 'Y', 'N', 'N', 'N', 'N', 'Y', 'N', 'N', 'Y', 0006),
    (0000882, 'New Message_cannedResponse', 0, 'Manage Messages', 'Allows user to use pre-defined Canned Responses.', 'messenger_post.php', 'messenger_post.php', 'Y', 'Y', 'Y', 'N', 'N', 'N', 'N', 'Y', 'N', 'N', 'N', 0121),
    (0000883, 'New Message_readReceipts', 0, 'Manage Messages', 'Allows users to include read receipts in emails.', 'messenger_post.php', 'messenger_post.php', 'Y', 'Y', 'Y', 'N', 'N', 'N', 'N', 'Y', 'N', 'N', 'N', 0121),
    (0000884, 'First Aid Record', 0, 'Medical', 'Allows user to record first aid visits and actions.', 'firstAidRecord.php, firstAidRecord_add.php, firstAidRecord_edit.php', 'firstAidRecord.php', 'Y', 'Y', 'Y', 'N', 'N', 'N', 'N', 'Y', 'Y', 'Y', 'Y', 0005),
    (0000885, 'View Student Profile_fullNoNotes', 2, 'Profiles', 'View full profile of any student in the school, without access to Notes.', 'student_view.php,student_view_details.php', 'student_view.php', 'Y', 'Y', 'N', 'N', 'N', 'N', 'N', 'Y', 'N', 'N', 'N', 0005),
    (0000886, 'System Check', 0, 'Extend & Update', 'Check system versions and extensions installed.', 'check', 'check', 'Y', 'Y', 'Y', 'N', 'N', 'N', 'N', 'Y', 'N', 'N', 'N', 0003),
    (0000887, 'Student Self Registration', 0, 'Take Attendance', 'Allows students to self register as Present, provided they are within a certain range of IP addresses.', 'attendance_studentSelfRegister.php', 'attendance_studentSelfRegister.php', 'Y', 'Y', 'N', 'N', 'N', 'N', 'N', 'N', 'Y', 'N', 'N', 0006),
    (0000888, 'My Activities_viewEditEnrolment', 0, 'Activities', 'Allows an activity organizer to manage enrolment for their activities.', 'activities_my.php,activities_my_full.php,activities_manage_enrolment.php,activities_manage_enrolment_add.php,activities_manage_enrolment_edit.php,activities_manage_enrolment_delete.php', 'activities_my.php', 'Y', 'Y', 'Y', 'N', 'N', 'N', 'N', 'Y', 'N', 'N', 'N', 0015),
    (0000889, 'Enter Activity Attendance_leader', 0, 'Attendance', 'Record student attendance for activities you organise, coach or assist in.', 'activities_attendance.php,activities_attendanceProcess.php', 'activities_attendance.php', 'Y', 'Y', 'Y', 'Y', 'N', 'N', 'N', 'Y', 'Y', 'N', 'N', 0015),
    (0000890, 'Activity Attendance by Date', 0, 'Reports', 'Record student attendance for activities.', 'report_attendance_byDate.php,report_attendance_byDate_print.php', 'report_attendance_byDate.php', 'Y', 'Y', 'Y', 'Y', 'N', 'N', 'N', 'Y', 'N', 'N', 'N', 0015),
    (0000891, 'Notification Settings', 0, 'Settings', 'Manage settings for system notifications.', 'notification_settings,notification_edit', 'notification_settings', 'Y', 'Y', 'Y', 'N', 'N', 'N', 'N', 'Y', 'N', 'N', 'N', 0003),
    (0000892, 'Manage Applications_edit', 0, 'Admissions', 'Allows admins to view and action applications, but not to delete them', 'applicationForm_manage.php, applicationForm_manage_edit.php, applicationForm_manage_accept.php, applicationForm_manage_reject.php, applicationForm_manage_add.php', 'applicationForm_manage.php', 'Y', 'Y', 'N', 'N', 'N', 'N', 'N', 'Y', 'N', 'N', 'N', 0005),
    (0000893, 'Attendance By Roll Group_myGroups', 0, 'Take Attendance', 'Take attendance for a teacher\'s own roll groups', 'attendance_take_byRollGroup.php', 'attendance_take_byRollGroup.php', 'Y', 'Y', 'N', 'N', 'N', 'N', 'Y', 'Y', 'N', 'N', 'Y', 0006),
    (0000894, 'View Timetable by Person_my', 1, 'View Timetables', 'Allows users to view their own timetable', 'tt.php, tt_view.php', 'tt.php', 'Y', 'Y', 'N', 'N', 'Y', 'N', 'N', 'Y', 'Y', 'N', 'Y', 0014),
    (0000895, 'View Timetable by Person_myChildren', 0, 'View Timetables', 'Allows parents to view their children\'s timetable', 'tt.php, tt_view.php', 'tt.php', 'Y', 'Y', 'N', 'N', 'N', 'Y', 'N', 'N', 'N', 'Y', 'N', 0014),
    (0000896, 'View Student Profile_my', 1, 'Profiles', 'Allows students to view their own information', 'student_view.php, student_view_details.php', 'student_view.php', 'Y', 'Y', 'N', 'N', 'Y', 'N', 'N', 'N', 'Y', 'N', 'N', 0005),
    (0000897, 'View Markbook_myClasses', 3, 'Profiles', 'Allows teachers to view their own markbook information', 'markbook_view.php, markbook_view_full.php', 'markbook_view.php', 'Y', 'Y', 'N', 'Y', 'N', 'N', 'N', 'Y', 'N', 'N', 'Y', 0007),
    (0000898, 'Student Enrolment Trends', 0, 'Visualise', 'Provides a visual graph of student enrolment over a range of time.', 'report_graph_studentEnrolment.php', 'report_graph_studentEnrolment.php', 'Y', 'Y', 'Y', 'N', 'N', 'N', 'N', 'Y', 'N', 'N', 'N', 0005),
    (0000899, 'Students by House', 0, 'Reports', 'View a report of student houses by year group.', 'report_students_byHouse.php', 'report_students_byHouse.php', 'Y', 'Y', 'Y', 'N', 'N', 'N', 'N', 'Y', 'N', 'N', 'N', 0005),
    (0000900, 'Sync Course Enrolment', 0, 'Courses & Classes', 'Allows users to map enrolments from homerooms to classes.', 'courseEnrolment_sync.php,courseEnrolment_sync_add.php,courseEnrolment_sync_edit.php,courseEnrolment_sync_delete.php,courseEnrolment_sync_run.php', 'courseEnrolment_sync.php', 'Y', 'Y', 'Y', 'N', 'N', 'N', 'N', 'Y', 'N', 'N', 'N', 0013),
    (0000901, 'Student History_my', 1, 'Reports', 'Allows a student to print a report of their attendance data in the current school year.', 'report_studentHistory.php', 'report_studentHistory.php', 'Y', 'Y', 'N', 'N', 'N', 'N', 'N', 'N', 'Y', 'N', 'N', 0006),
    (0000903, 'Activity Choices by Roll Group', 0, 'Reports', 'View all student activity choices in the current year for a given roll group.', 'report_activityChoices_byRollGroup.php', 'report_activityChoices_byRollGroup.php', 'Y', 'Y', 'Y', 'Y', 'N', 'N', 'N', 'Y', 'N', 'N', 'N', 0015),
    (0000904, 'My Data Updates', 0, 'Request Updates', 'Provides an overview of any required data updates for a user, including family data if applicable.', 'data_updates.php', 'data_updates.php', 'Y', 'Y', 'Y', 'Y', 'N', 'Y', 'Y', 'Y', 'Y', 'Y', 'Y', 0008),
    (0000905, 'Manage Groups_all', 1, 'Targets', 'Allows management of custom groups for message targetting', 'groups_manage.php,groups_manage_add.php,groups_manage_edit.php,groups_manage_delete.php', 'groups_manage.php', 'Y', 'Y', 'Y', 'N', 'N', 'N', 'N', 'Y', 'Y', 'Y', 'Y', 0121),
    (0000906, 'Manage Groups_my', 0, 'Targets', 'Allows management of custom groups for message targetting', 'groups_manage.php,groups_manage_add.php,groups_manage_edit.php,groups_manage_delete.php', 'groups_manage.php', 'Y', 'Y', 'N', 'Y', 'N', 'N', 'N', 'Y', 'Y', 'Y', 'Y', 0121),
    (0000907, 'New Message_groups_any', 1, 'Manage Messages', 'Bulk email to any group', 'messenger_post.php', 'messenger_post.php', 'Y', 'Y', 'Y', 'N', 'N', 'N', 'N', 'Y', 'Y', 'Y', 'Y', 0121),
    (0000908, 'New Message_groups_my', 0, 'Manage Messages', 'Bulk email to any group a user owns or is a member of', 'messenger_post.php', 'messenger_post.php', 'Y', 'Y', 'N', 'Y', 'N', 'N', 'N', 'Y', 'Y', 'Y', 'Y', 0121),
    (0000909, 'New Message_groups_parents', 1, 'Manage Messages', 'Include parents in messages posted to groups', 'messenger_post.php', 'messenger_post.php', 'Y', 'Y', 'Y', 'N', 'N', 'N', 'N', 'Y', 'Y', 'Y', 'Y', 0121),
    (0000910, 'Family Data Updater History', 0, 'Reports', 'Allows users to check, for active families, how recently they have been updated.', 'report_family_dataUpdaterHistory.php', 'report_family_dataUpdaterHistory.php', 'Y', 'Y', 'Y', 'N', 'N', 'N', 'N', 'Y', 'N', 'N', 'Y', 0008),
    (0000911, 'Manage Users_edit', 0, 'User Management', 'Allows admin to edit any user within the system, but not to delete them.', 'user_manage.php, user_manage_add.php, user_manage_edit.php, user_manage_password.php', 'user_manage.php', 'Y', 'Y', 'Y', 'N', 'N', 'N', 'N', 'Y', 'N', 'N', 'N', 0002),
    (0000912, 'Import From File', 0, 'Import & Export', 'Allows a user to view and run available imports.', 'import_manage,export_run,import_run', 'import_manage', 'Y', 'Y', 'Y', 'N', 'N', 'N', 'N', 'Y', 'N', 'N', 'N', 0003),
    (0000914, 'Manage Substitutes', 0, 'Staff Management', 'Edit information for users who can provide staff coverage.', 'substitutes_manage.php,substitutes_manage_add.php,substitutes_manage_edit.php,substitutes_manage_delete.php,coverage_availability.php', 'substitutes_manage.php', 'Y', 'Y', 'Y', 'N', 'N', 'N', 'N', 'Y', 'N', 'N', 'Y', 0136),
    (0000915, 'New Absence_mine', 0, 'Absences', 'Allows a user to submit their own staff absences.', 'absences_add.php', 'absences_add.php', 'Y', 'Y', 'Y', 'Y', 'N', 'N', 'Y', 'Y', 'N', 'N', 'Y', 0136),
    (0000916, 'New Absence_any', 2, 'Absences', 'Submit staff absences for any user.', 'absences_add.php', 'absences_add.php', 'Y', 'Y', 'Y', 'N', 'N', 'N', 'N', 'Y', 'N', 'N', 'N', 0136),
    (0000917, 'View Absences_mine', 0, 'Absences', 'Provides an overview of staff absences for the selected user.', 'absences_view_byPerson.php,absences_view_details.php', 'absences_view_byPerson.php', 'Y', 'Y', 'Y', 'Y', 'N', 'N', 'Y', 'Y', 'N', 'N', 'Y', 0136),
    (0000918, 'View Absences_any', 2, 'Absences', 'Provides an overview of staff absences for the selected user.', 'absences_view_byPerson.php,absences_view_details.php', 'absences_view_byPerson.php', 'Y', 'Y', 'Y', 'N', 'N', 'N', 'N', 'Y', 'N', 'N', 'Y', 0136),
    (0000919, 'Approve Staff Absences', 0, 'Absences', 'Allows users to approve or decline staff absences.', 'absences_approval.php,absences_approval_action.php', 'absences_approval.php', 'Y', 'Y', 'Y', 'N', 'N', 'N', 'N', 'Y', 'N', 'N', 'Y', 0136),
    (0000920, 'Manage Staff Absences', 0, 'Absences', 'Allows administrators to edit and delete staff absences.', 'absences_manage.php,absences_manage_edit.php,absences_manage_edit_edit.php,absences_manage_delete.php', 'absences_manage.php', 'Y', 'Y', 'Y', 'N', 'N', 'N', 'N', 'Y', 'N', 'N', 'N', 0136),
    (0000921, 'Individual Needs Overview', 1, 'Reports', 'Provides a visual graph of individual needs school-wide.', 'report_graph_overview.php', 'report_graph_overview.php', 'Y', 'Y', 'Y', 'N', 'N', 'N', 'N', 'Y', 'N', 'N', 'Y', 0011),
    (0000922, 'Request Coverage', 0, 'Coverage', 'Allows a staff member to request coverage for their absences.', 'coverage_request.php,coverage_view_details.php', 'coverage_request.php', 'Y', 'N', 'Y', 'Y', 'N', 'N', 'Y', 'Y', 'N', 'N', 'Y', 0136),
    (0000923, 'My Coverage', 0, 'Coverage', 'Provides an overview of coverage for staff absences.', 'coverage_my.php,coverage_view_details.php,coverage_availability.php,coverage_view_cancel.php,coverage_view_edit.php', 'coverage_my.php', 'Y', 'Y', 'Y', 'Y', 'N', 'N', 'Y', 'Y', 'N', 'N', 'Y', 0136),
    (0000924, 'Open Requests', 0, 'Coverage', 'Users can view and accept any available coverage requests.', 'coverage_view.php,coverage_view_accept.php,coverage_view_decline.php', 'coverage_view.php', 'Y', 'Y', 'Y', 'N', 'N', 'N', 'Y', 'Y', 'N', 'N', 'Y', 0136),
    (0000925, 'Manage Staff Coverage', 0, 'Coverage', 'Allows administrators to manage coverage requests.', 'coverage_manage.php,coverage_manage_add.php,coverage_manage_edit.php,coverage_manage_delete.php,coverage_view_details.php', 'coverage_manage.php', 'Y', 'Y', 'Y', 'N', 'N', 'N', 'N', 'Y', 'N', 'N', 'Y', 0136),
    (0000926, 'Staff Absence Summary', 0, 'Reports', 'Provides an overview of staff absences for the school year.', 'report_absences_summary.php', 'report_absences_summary.php', 'Y', 'Y', 'Y', 'N', 'N', 'N', 'N', 'Y', 'N', 'N', 'Y', 0136),
    (0000927, 'Weekly Absences', 0, 'Reports', 'A week-by-week overview of staff absences.', 'report_absences_weekly.php', 'report_absences_weekly.php', 'Y', 'Y', 'Y', 'Y', 'N', 'N', 'N', 'Y', 'N', 'N', 'Y', 0136),
    (0000928, 'Substitute Availability', 0, 'Coverage', 'Allows users to view the availability of subs by date.', 'report_subs_availability.php', 'report_subs_availability.php', 'Y', 'Y', 'Y', 'Y', 'N', 'N', 'N', 'Y', 'N', 'N', 'Y', 0136);

INSERT INTO `gibbonModule` (`gibbonModuleID`, `name`, `description`, `entryURL`, `type`, `active`, `category`, `version`, `author`, `url`) VALUES
    (0001, 'School Admin', 'Allows administrators to configure school settings.', 'schoolYear_manage.php', 'Core', 'Y', 'Admin', 'v18.0.01', 'Ross Parker', 'http://rossparker.org'),
    (0002, 'User Admin', 'Allows administrators to manage users.', 'user_manage.php', 'Core', 'Y', 'Admin', '0.0.00', 'Craig Rayner', 'http://www.craigrayner.com'),
    (0003, 'System Admin', 'Allows administrators to configure system settings.', 'system_settings', 'Core', 'Y', 'Admin', '0.0.00', 'Craig Rayner', 'http://www.craigrayner.com'),
    (0004, 'Departments', 'View details within a department', 'list', 'Core', 'Y', 'Learn', '0.0.00', 'Craig Rayner', 'http://www.craigrayner.com'),
    (0005, 'Students', 'Allows users to view student data', 'student_view.php', 'Core', 'Y', 'People', 'v18.0.01', 'Ross Parker', 'http://rossparker.org'),
    (0006, 'Attendance', 'School attendance taking', 'attendance.php', 'Core', 'Y', 'People', 'v18.0.01', 'Ross Parker', 'http://rossparker.org'),
    (0007, 'Markbook', 'A system for keeping track of marks', 'markbook_view.php', 'Core', 'Y', 'Assess', 'v18.0.01', 'Ross Parker', 'http://rossparker.org'),
    (0008, 'Data Updater', 'Allow users to update their family\'s data', 'data_updates.php', 'Core', 'Y', 'People', 'v18.0.01', 'Ross Parker', 'http://rossparker.org'),
    (0009, 'Planner', 'Supports lesson planning and information sharing for staff, student and parents', 'planner.php', 'Core', 'Y', 'Learn', 'v18.0.01', 'Ross Parker', 'http://rossparker.org'),
    (0011, 'Individual Needs', 'Individual Needs', 'in_view.php', 'Core', 'Y', 'Learn', 'v18.0.01', 'Ross Parker', 'http://rossparker.org'),
    (0012, 'Crowd Assessment', 'Allows users to assess each other\'s work', 'crowdAssess.php', 'Core', 'Y', 'Assess', 'v18.0.01', 'Ross Parker', 'http://rossparker.org'),
    (0013, 'Timetable Admin', 'Timetable administration', 'tt.php', 'Core', 'Y', 'Admin', 'v18.0.01', 'Ross Parker', 'http://rossparker.org'),
    (0014, 'Timetable', 'Allows users to view timetables', 'tt.php', 'Core', 'Y', 'Learn', 'v18.0.01', 'Ross Parker', 'http://rossparker.org'),
    (0015, 'Activities', 'Run a school activities program', 'activities_view.php', 'Core', 'Y', 'Learn', 'v18.0.01', 'Ross Parker', 'http://rossparker.org'),
    (0016, 'Formal Assessment', 'Facilitates tracking of student performance in external examinations.', 'externalAssessment.php', 'Core', 'Y', 'Assess', 'v18.0.01', 'Ross Parker', 'http://rossparker.org'),
    (0119, 'Behaviour', 'Tracking Student Behaviour', 'behaviour_manage.php', 'Core', 'Y', 'People', 'v18.0.01', 'Ross Parker', 'http://rossparker.org'),
    (0121, 'Messenger', 'Unified messenger for email, message wall and more.', 'messenger_manage.php', 'Core', 'Y', 'Other', 'v18.0.01', 'Ross Parker', 'http://rossparker.org'),
    (0126, 'Rubrics', 'Allows users to create rubrics for assessment', 'rubrics.php', 'Core', 'Y', 'Assess', 'v18.0.01', 'Ross Parker', 'http://rossparker.org'),
    (0135, 'Finance', 'Allows a school to issue invoices and track payments.', 'invoices_manage.php', 'Core', 'Y', 'Other', 'v18.0.01', 'Ross Parker', 'http://rossparker.org'),
    (0136, 'Staff', 'Allows users to view staff information', 'staff_view.php', 'Core', 'Y', 'People', 'v18.0.01', 'Ross Parker', 'http://rossparker.org'),
    (0137, 'Roll Groups', 'Allows users to view a listing of roll groups', 'list', 'Core', 'Y', 'People', '0.0.00', 'Craig Rayner', 'http://www.craigrayner.com'),
    (0141, 'Tracking', 'Provides visual graphing of student progress, as recorded in the Markbook and Internal Assessment.', 'graphing.php', 'Core', 'Y', 'Assess', 'v18.0.01', 'Ross Parker', 'https://rossparker.org');

INSERT INTO `gibbonRole` (`gibbonRoleID`, `category`, `name`, `nameShort`, `description`, `type`, `canLoginRole`, `futureYearsLogin`, `pastYearsLogin`, `restriction`) VALUES
    (001, 'Staff', 'Administrator', 'Adm', 'Controls all aspects of the system', 'Core', 'Y', 'Y', 'Y', 'Admin Only'),
    (002, 'Staff', 'Teacher', 'Tcr', 'Regular, classroom teacher', 'Core', 'Y', 'Y', 'Y', 'None'),
    (003, 'Student', 'Student', 'Std', 'Person studying in the school', 'Core', 'Y', 'Y', 'Y', 'None'),
    (004, 'Parent', 'Parent', 'Prt', 'Parent or guardian of person studying in', 'Core', 'Y', 'Y', 'Y', 'None'),
    (006, 'Staff', 'Support Staff', 'SSt', 'Staff who support teaching and learning', 'Core', 'Y', 'Y', 'Y', 'None');

SET FOREIGN_KEY_CHECKS = 1;
